easyvision Tearium,Cooper Vision
easyvision Clarision sphere,Cooper Vision
easyvision Clarision Toric,Cooper Vision
easyvision Opsys,Alcon Vision Care
easyvision Vusion Daily,Cooper Vision
easyvision Vusion Daily Multifocal,Cooper Vision
easyvision Sential,Cooper Vision
easyvision Vitrea,Alcon Vision Care
DAILIES AquaComfort Plus,Alcon Vision Care
easyvision Umere,Cooper Vision
easyvision Umere Toric,Cooper Vision
easyvision Umere Daily Multifocal,Cooper Vision
Focus DAILIES All Day Comfort,Alcon Vision Care
easyvision Clearus,Specsavers
easyvision Optira,Cooper Vision
easyvision Serima,Specsavers
easyvision Magic,Menicon
Soflens,Bausch & Lomb
Proclear 1 Day,Cooper Vision
DAILIES AquaComfort Plus Toric,Alcon Vision Care
DAILIES AquaComfort Plus Multifocal,Alcon Vision Care
1 Day Acuvue Moist,Johnson & Johnson Acuvue
1 Day Acuvue Moist for Astigmatism,Johnson & Johnson Acuvue
1 Day Acuvue Trueye,Johnson & Johnson Acuvue
Focus DAILIES Total 1,Alcon Vision Care
easyvision Basel,Cooper Vision
easyvision Vusion,Cooper Vision
Proclear Toric,Cooper Vision
easyvision Vusion Multifocal,Cooper Vision
easyvision Irisian sphere,Alcon Vision Care
easyvision Irisian Toric,Alcon Vision Care
easyvision Irisian Multifocal,Alcon Vision Care
easyvision Lacrima Plus,Cooper Vision
easyvision Lacrima Toric,Cooper Vision
easyvision Lacrima Multifocal,Cooper Vision
easyvision Opteyes,Cooper Vision
easyvision Opteyes Toric,Cooper Vision
easyvision Opteyes Multifocal,Cooper Vision
easyvision Opteyes XR,Cooper Vision
easyvision Uvicia,Cooper Vision
easyvision Uvicia Toric,Cooper Vision
easyvision Aquayes,Alcon Vision Care
Acuvue Oasys,Johnson & Johnson Acuvue
Acuvue Oasys for Astigmatism,Johnson & Johnson Acuvue
Proclear,Cooper Vision
Air Optix Aqua,Alcon Vision Care
Air Optix for Astigmatism,Alcon Vision Care
Air Optix Aqua Multifocal,Alcon Vision Care
Air Optix Night & Day Aqua,Alcon Vision Care
Biofinity,Cooper Vision
Purevision2,Bausch & Lomb
Purevision 2 for Astigmatism,Bausch & Lomb
Purevision2 for Presbyopia,Bausch & Lomb
