chain,name,country,area,price,rooms
Independent,"Orquidea del Sur",Nicaragua,"Playa Yankee, 50807 San Juan del Sur, Nicaragua",0,"Hotel Rooms: 5"
Independent,"Posada Fuente Castalia",Nicaragua,"Iglesia la Recolección, 275 metros al norte, 21100 León, Nicaragua",0,"Hotel Rooms: 9"
Independent,"Hotel Moderno",Nicaragua,"Costado Sureste de catderal 2 1/2 cuadras al Sur, 31000 Estelí, Nicaragua",0,"Hotel Rooms: 6"
Independent,"Hotelito y Restaurante Aly",Nicaragua,"De la Gasolimera Santa Ana media calle arriba, 48700 Moyogalpa, Nicaragua","US$12","Hotel Rooms: 17"
Independent,"Hotel Los Portales",Nicaragua,"Rotonda Los Encuentros, 500 metros al norte, contiguo a Restaurante RostiPollos, 60111 Chinandega, Nicaragua","US$45","Hotel Rooms: 31"
Independent,"Hotel Terrasol",Nicaragua,"De La Iglesia La Merced 1 cuadra al Oeste y media cuadra al Sur, Avenida Barricada, 43000 Granada, Nicaragua",0,"Hotel Rooms: 10"
Independent,"Casa Maderas",Nicaragua,"Playa Maderas-Del empalme Marsella 200 metros al norte, 48600 San Juan del Sur, Nicaragua",0,"Hotel Rooms: 24"
Independent,"Hotel Villa Angelo",Nicaragua,"10 Calle Sur Oeste, 10000 Managua, Nicaragua",0,"Hotel Rooms: 12"
Independent,"O´Sheas San Juan del Sur",Nicaragua,"Carretera hacia El Remanso, complejo Congo Hill, 48600 San Juan del Sur, Nicaragua",0,"Hotel Rooms: 3"
Independent,"La Posadita de Bolonia",Nicaragua,"Canal 2 tres cuadras Oeste 10 varas al norte, 000-000-0 Managua, Nicaragua",0,"Hotel Rooms: 8"
Independent,"Playa Roca Hotel",Nicaragua,"Del Colegio Andres Castro 1/2 C.al Norte Las Penitas, Leon, Nicaragua, 21000 Las Peñitas, Nicaragua",0,"Hotel Rooms: 9"
"Hotel Chain:
Holiday Inn Express","Holiday Inn Express Managua",Nicaragua,"Blvd. Jean Paul Genie, rotonda 800 mts al oeste, 50000 Managua, Nicaragua","US$151","Hotel Rooms: 114,,"
Independent,"Arce´s Hotel",Nicaragua,"Avenida de los Bancos, Frente a Lafise Bancentro, Matagalpa, Nicaragua",0,"Hotel Rooms: 10"
Independent,"Eden on the Chocolata",Nicaragua,"200 m norte de Tanke de Agua, La Chocolata Nacascolo, San Juan del Sur, Nicaragua",0,"Hotel Rooms: 2"
Independent,"Ike's Place - Vientos del Norte",Nicaragua,"Final de la pista de aterrizaje, North End, 82100 Big Corn Island, Nicaragua",0,"Hotel Rooms: 8"
Independent,"La Princesa de La Isla",Nicaragua,"Barrio Brig Bay, Waula Point, 82100 Big Corn Island, Nicaragua","US$61","Hotel Rooms: 5"
Independent,"Guacalito de la Isla Luxury Ocean Villas & apartments",Nicaragua,"Km 10 carretera las salinas Rivas Nicaragua, 00113 El Gigante, Nicaragua",0,"Hotel Rooms: 13"
Independent,"Hotel Cafe",Nicaragua,"Gasolinera Texaco 1calle Oeste  1/2 cuadra al norte, 000-000-0 Jinotega, Nicaragua",0,"Hotel Rooms: 34"
Independent,"Hotel La Posada del Sol",Nicaragua,"Calle El Caimito, de la alcaldia tres cuadras y media a lago, 18656 Granada, Nicaragua",0,"Hotel Rooms: 16"
Independent,"Posada Ecologica La Abuela",Nicaragua,"Laguna de Apoyo, del Triángulo del Plan de la Laguna 2 kms. al Noreste., 10000 La Laguna, Nicaragua",0,"Hotel Rooms: 13"
Independent,"Melting Elefante",Nicaragua,"Guasacate - Popoyo Tola, Popoyo, Nicaragua",0,"Hotel Rooms: 6"
Independent,"Soma Surf Resort",Nicaragua,"600 Meters North of Holy Grinds, 48500 Popoyo, Nicaragua",0,"Hotel Rooms: 5"
Independent,"Parque Maritimo El Coco",Nicaragua,"Playa el Coco, 101 San Juan del Sur, Nicaragua",0,"Hotel Rooms: 16"
Independent,"Casa Xanadu",Nicaragua,"Calle El Arsenal, 43000 Granada, Nicaragua",0,"Hotel Rooms: 5"
Independent,"El Belga Loco",Nicaragua,"Costado Sur de Farallon Aquaculture de Nicaragua, 21000 Las Peñitas, Nicaragua",0,"Hotel Rooms: 7"
Independent,"Hotel Popoyo",Nicaragua,"Las Salinas - Tola - Rivas, 10000 Popoyo, Nicaragua",0,"Hotel Rooms: 9"
Independent,"Marina Puesta del Sol",Nicaragua,"km 159 carretera El Viejo-El Congo 10 km al sureste Comarca Aserradores, El Viejo, Chinandega., 10000 Aposentillo, Nicaragua",0,"Hotel Rooms: 19"
Independent,"Hotel Posada Don Pantaleon",Nicaragua,"Colegio Teresiano 1 cuadra al sur, 1/2 cuadra al oeste, 00505 Managua, Nicaragua",0,"Hotel Rooms: 22"
Independent,"Hotel Estrada",Nicaragua,"Calle El Arsenal, 050-088-4 Granada, Nicaragua",0,"Hotel Rooms: 7"
Independent,"Equilibrio Yoga Art Surf Resort",Nicaragua,"Pink Panther Road, 050-088-4 Popoyo, Nicaragua",0,"Hotel Rooms: 6"
Independent,"San Juan de la Isla",Nicaragua,"""El Quino"" 200 meters to north, 2.3 km. to east. Ometepe Island, Nicaragua., 48800 Altagracia, Nicaragua",0,"Hotel Rooms: 19"
Independent,"Hotel La Omaja",Nicaragua,"de la hacienda merida 500 m al sur, 68144 Mérida, Nicaragua",0,"Hotel Rooms: 7"
Independent,"Buena Onda Beach Resort",Nicaragua,"Del Cementerio 100vrs al Norte, 1.5km al Oeste, Playa Santana - Popoyo, 00113 Popoyo, Nicaragua",0,"Hotel Rooms: 8"
Independent,"Aparthotel Gueguense",Nicaragua,"Semaforo Maxi Pali, 1/2 cuadra al oeste, Estelí, Nicaragua",0,"Hotel Rooms: 6"
Independent,"Isleta El Espino",Nicaragua,"Isletas de Granada, Isletas de Granada, Nicaragua",0,"Hotel Rooms: 3"
Independent,"Hacienda Puerta del Cielo Eco Lodge & Spa",Nicaragua,"Camino de los Bueyes, Nimboja Numero 2, N/A Masaya, Nicaragua",0,"Hotel Rooms: 7"
Independent,"Art Hotel Managua",Nicaragua,"2 blocks north of Parque Las Palmas, 10000 Managua, Nicaragua","US$33","Hotel Rooms: 13"
Independent,"Casa Amalia",Nicaragua,"Calle Cusicoma, del mercado media cuadra al lago, Granada, Nicaragua",0,"Hotel Rooms: 5"
Independent,"Casa Bahia Family Adventure & Surf Hotel",Nicaragua," a few miles north of San Juan Del Sur just 150 meters from the ocean’s edge at Playa Marsella, 60111 San Juan del Sur, Nicaragua","US$67","Hotel Rooms: 9"
Independent,"Little Corn Beach and Bungalow",Nicaragua,"Cocal Beach, 82100 Little Corn Island, Nicaragua",0,"Hotel Rooms: 10"
Independent,"Camino Real Managua",Nicaragua,"Km 9.5 Carretera Norte Managua Nicaragua, 11052 Managua, Nicaragua","US$116","Hotel Rooms: 119"
Independent,"Hotel Granada Nicaragua",Nicaragua,"Calle la Calzada, Frente a Iglesia Guadalupe, 00010 Granada, Nicaragua",0,"Hotel Rooms: 46"
Independent,"Hotel La Pérgola",Nicaragua,"Calle el Caimito, desde la Alcaldia Municipal, 3 cuadras al Lago, 43000 Granada, Nicaragua",0,"Hotel Rooms: 26"
Independent,"La Posada Azul",Nicaragua,"Avenida del Parque, 48600 San Juan del Sur, Nicaragua",0,"Hotel Rooms: 7"
Independent,"Yalta's Inn Hotel",Nicaragua,"Playa Guasacate, Tola, Popoyo, Nicaragua","US$76","Hotel Rooms: 10"
Independent,"Hotel Boutique La Cigale",Nicaragua,"Del Parque Central, 4 cuadras al lago, Calle La Calzada, 00505 Granada, Nicaragua",0,"Hotel Rooms: 7"
Independent,"Hotel The Place Inn San Marcos",Nicaragua,"KM 42.5 San Marcos, Masatepe, 10000 San Marcos, Nicaragua","US$29","Hotel Rooms: 16"
Independent,"Guardabarranco",Nicaragua,"Km 38½ Carretera Sur, Diriamba, Nicaragua","US$64","Hotel Rooms: 16"
Independent,"Hotel Mery",Nicaragua,"Costado Norte Casa Pellas 2 cuadras al Oeste, Estelí, Nicaragua","US$35","Hotel Rooms: 9"
Independent,"Hotel Flor",Nicaragua,"Frente al parque, Brig Bay, 82100 Big Corn Island, Nicaragua","US$17","Hotel Rooms: 10"
Independent,"Hotel El Valle",Nicaragua,"Km 102 Carretera Panamericana Norte, 050-088-4 Sébaco, Nicaragua","US$17","Hotel Rooms: 9"
Independent,"Hotel Dario",Nicaragua,"Calle De La Calzada, 43000 Granada, Nicaragua","US$38","Hotel Rooms: 22"
Independent,"Hotel Restaurante Plaza Manchon",Nicaragua,"Km 70 1/2 carretera Nandaime - Rivas., El Manchon, Nicaragua","US$35","Hotel Rooms: 40"
Independent,"HOTEL EN EL CAMPO MANA DEL CIELO",Nicaragua,"Entrada al trentino, San Ramon - Matagalpa, San Ramón, Nicaragua","US$59","Hotel Rooms: 10"
Independent,"Ambassador Hotel",Nicaragua,"Kilómetro 5 Carretera A Masaya, 10000 Managua, Nicaragua","US$59","Hotel Rooms: 38"
Independent,"Hotel Majestic Nicaragua",Nicaragua,"Km 43 Carretera Diriamba, Jinotepe, 46300 Dolores, Nicaragua","US$85","Hotel Rooms: 12"
Independent,"Campo Royale Resort",Nicaragua,"Km 16.7  Carretera Ticuantepe, 47600 Ticuantepe, Nicaragua","US$76","Hotel Rooms: 20"
Independent,"Farallones Hotel",Nicaragua,"Rotonda de los Encuentros 800 Metros Norte , 00505 Chinandega, Nicaragua","US$105","Hotel Rooms: 41"
Independent,"Hotel Nicaraus",Nicaragua,"100 M al norte del Hospital de Moyogalpa, 48700 Moyogalpa, Nicaragua","US$35","Hotel Rooms: 10"
Independent,"Hotel Playa Santa Martha",Nicaragua,"Del colegio San Jose del Sur, 400mts al lago, San José del Sur, Nicaragua","US$25","Hotel Rooms: 7"
Independent,"Hotel El Meson",Nicaragua,"De La Colonia 1c al norte, Estelí, Nicaragua","US$29","Hotel Rooms: 8"
Independent,"Hotel Azul De La Selva",Nicaragua,"Parque Infantil, 2c al oeste, 1/2c al norte, Estelí, Nicaragua","US$18","Hotel Rooms: 8"
Independent,"Hotel y Restaurante El Sueño de la Campana",Nicaragua,"San Ramon, Detras del Instituto Nacional de San Ramon, 050-088-4 San Ramón, Nicaragua","US$35","Hotel Rooms: 12"
Independent,"Hotel Las Cornisas",Nicaragua,"Ferreteria Rufino Gonzales 2 1/2 al Sur, 31000 Estelí, Nicaragua","US$22","Hotel Rooms: 11"
Independent,"Hostal Dilany",Nicaragua,"DEL PUERTO DE MOYOGALPA 1.5 KM AL SUR Y DEL PUERTO DE SAN JOSE 14 KM NORTE, Moyogalpa, Nicaragua","US$20","Hotel Rooms: 3"
Independent,"Sunset Hotel",Nicaragua,"De banpro San Juan del sur 75 vrs, donde fue la policía san juan del sur, 52100 San Juan del Sur, Nicaragua","US$40","Hotel Rooms: 7"
Independent,"Brisas Del Mar Nicaragua",Nicaragua,"Brisas Del Mar Nica, 00011 Jiquilillo, Nicaragua","US$110","Hotel Rooms: 14"
Independent,"Hotel Caribe",Nicaragua,"Barrio San Luis, Calle Principal, 71000 Puerto Cabezas, Nicaragua","US$17","Hotel Rooms: 7"
Independent,"Hotel La Fortaleza",Nicaragua,"reparto san juan de la entrada 400 metros al este 200 metros al norte, 43000 Granada, Nicaragua","US$42","Hotel Rooms: 30"
Independent,"Hotel Apastepe",Nicaragua,"Carretera panamericana León-Chinandega, Km. 125.5, 25000 Chinandega, Nicaragua","US$29","Hotel Rooms: 7"
Independent,"Pajaro Azul",Nicaragua,"Laguna de Apoyo, Del triangulo 1200mts al sur, La Laguna, Nicaragua","US$72","Hotel Rooms: 4"
Independent,"Beach Please Hotel",Nicaragua,"Gasolinera Uno, 1c al oeste, 1c al sur y media al este, frente a la farmacia comunal, 00113 San Juan del Sur, Nicaragua","US$40","Hotel Rooms: 7"
Independent,"Hotel San Jose, Matagalpa.",Nicaragua,"Detras de Iglesia San Jose, Matagalpa Matagalpa, Nicaragua, Matagalpa, Nicaragua","US$60","Hotel Rooms: 16"
Independent,"Hotel Alameda",Nicaragua,"K 148 Carretera Panamericana, Estelí, Nicaragua","US$49","Hotel Rooms: 20"
Independent,"Hotel Boutique Hacienda San Pedro",Nicaragua,"Parque Central 350 mts al norte, 355-533-3 San Marcos, Nicaragua","US$70","Hotel Rooms: 18"
Independent,"HOTEL MANA DEL CIELO",Nicaragua,"Calle de los bancos, BANPRO 2 1/2 cuadra al sur., 61000 Matagalpa, Nicaragua","US$25","Hotel Rooms: 35"
Independent,"Hotel Sweet Dreams",Nicaragua,"Contiguo al muelle municipal, 82100 Big Corn Island, Nicaragua","US$17","Hotel Rooms: 17"
Independent,"Hotel and Spa Huaca Yaran",Nicaragua,"Del INSS 2 cuadras al este, Somoto, Nicaragua","US$105","Hotel Rooms: 7"
Independent,"Hotel Villa Hermosa",Nicaragua,"Tercera entrada a Matagalpa 1 c. al este y 1/2 c. al sur, frente a Clinica Profamilia, Matagalpa, Nicaragua, 61000 Matagalpa, Nicaragua","US$21","Hotel Rooms: 5"
Independent,"Eco posada Tortuga Verde",Nicaragua,"km 40 1/2 carretera sur, 46300 Diriamba, Nicaragua","US$37","Hotel Rooms: 5"
Independent,"Hotel Casa del Lago",Nicaragua,"De la iglesia Guadalupe 1 cuadra y media al lago frente al multiestadio, Granada-Nicaragua, 43000 Granada, Nicaragua","US$20","Hotel Rooms: 5"
Independent,"Hotelito Dulce Mareas",Nicaragua,"Frente La Bocana, Las Peñitas, Nicaragua","US$45","Hotel Rooms: 6"
Independent,"Hostal Hamacas",Nicaragua,"Escuela 50 mts Sur, 050-088-4 El Astillero, Nicaragua","US$35","Hotel Rooms: 8"
Independent,"Hotel Palacio Real",Nicaragua,"a 5 minutos en carro del centro historico de la ciudad, enfrente de la entrada del reparto San Juan, 00011 Granada, Nicaragua","US$58","Hotel Rooms: 12"
Independent,"Grand Hotel",Nicaragua,"De la entrada principal de Posada del Sol 700 metros al oeste y 50 metros al sur, 21000 León, Nicaragua","US$25","Hotel Rooms: 10"
Independent,"Redwood Beach Resort",Nicaragua,"100 Beach Way , 50000 Mechapa, Nicaragua","US$122","Hotel Rooms: 6"
Independent,"Hotel Atlantic City",Nicaragua,"Paseo del Rey 1, San Juan del Sur, Nicaragua","US$82","Hotel Rooms: 5"
Independent,"Hotel Fontana",Nicaragua,"Villa Fontana, Del Club Terraza 150 Metros al Oeste, Managua, Nicaragua","US$60","Hotel Rooms: 5"
Independent,"Hotel Lara's Planet",Nicaragua,"Del Muello 200 mt. al Norte 50 mt. al Sur, El castillo, Rio San Juan, El Castillo de La Concepción, Nicaragua","US$88","Hotel Rooms: 5"
Independent,"Hotel Museo El Ceibo",Nicaragua,"Km 8.2 Moyogalpa, 10000 San José del Sur, Nicaragua","US$69","Hotel Rooms: 8"
Independent,"Hotel Mirador",Nicaragua,"De la terminal de buses 100m al norte sobre la carretera, 63012 Ocotal, Nicaragua","US$28","Hotel Rooms: 25"
Independent,"Fisher's Cave",Nicaragua,"Brig Bay, next to the Municipal Pier, 82100 Big Corn Island, Nicaragua","US$42","Hotel Rooms: 14"
"Hotel Chain:
Barceló Hotels & Resorts","Barceló Montelimar Beach",Nicaragua,"Playa Montelimar, 01262 Montelimar, Nicaragua","US$234","Hotel Rooms: 293,"
Independent,"Hotel Plaza Cosiguina",Nicaragua,"Esquina de los Bancos 50 MTS al sur - Chinandega., 54321 Chinandega, Nicaragua","US$62","Hotel Rooms: 13"
Independent,"Pacaya Lodge and Spa",Nicaragua,"Comarca Pacaya, 10000 La Laguna, Nicaragua","US$187","Hotel Rooms: 26"
Independent,"Mukul Beach, Golf & Spa",Nicaragua,"Guacalito de la Isla, 00111 El Gigante, Nicaragua","US$643","Hotel Rooms: 37"
Independent,"Hostal Brisas y Olas",Nicaragua,"Parque 1 1/2 al Oeste , 050-088-4 San Juan del Sur, Nicaragua","US$28","Hotel Rooms: 8"
Independent,"Punta Teonoste",Nicaragua,"6km from Salinas Bridge to Tola Rivas, 00884 El Gigante, Nicaragua","US$98","Hotel Rooms: 16"
Independent,"Zopango Island",Nicaragua,"Bahía de Asese, 43000 Isletas de Granada, Nicaragua","US$174","Hotel Rooms: 3"
Independent,"Hotel Mi Bohio",Nicaragua,"Costado este Policía Nacional, Diarimba, 000-000-0 Diriamba, Nicaragua","US$62","Hotel Rooms: 14"
Independent,"Mango Rosa Resort",Nicaragua,"Playa Marsella, 50884 San Juan del Sur, Nicaragua","US$125","Hotel Rooms: 12"
Independent,"Simple Beach Lodge",Nicaragua,"Next to Playa Roca Hotel, 10000 Las Peñitas, Nicaragua","US$33","Hotel Rooms: 3"
Independent,"Macheles Place Hotel",Nicaragua,"Playa Gigante Municipio Tola Departamento de Rivas, 70403 El Gigante, Nicaragua","US$94","Hotel Rooms: 14"
Independent,"Hotel El Sueño de Meme",Nicaragua,"De donde fue la Mercantil, 3 cuadras abajo, 75 varas al norte, 10000 León, Nicaragua","US$64","Hotel Rooms: 12"
Independent,"American Cafe & Hotel",Nicaragua,"Ferry station 1/2 block East (up), Moyogalpa, Nicaragua","US$39","Hotel Rooms: 4"
Independent,"La Jolla de Guasacate",Nicaragua,"2KM west of Bridge, Las Salinas, Tola, Rivas, 48500 Popoyo, Nicaragua","US$150","Hotel Rooms: 11"
Independent,"Casa Hotel Santa Elena",Nicaragua,"Contiguo a Oficinas de INiser, O del Colegio de las Monjas 75 vrs al Norte, Estelí, Nicaragua","US$27","Hotel Rooms: 11"
Independent,"Guesthouse El Nancite",Nicaragua,"de la Iglesia El Calvario, una cuadra y media al norte, León, Nicaragua","US$55","Hotel Rooms: 4"
Independent,"Hotel y Restaurante Ocaso",Nicaragua,"De la iglesia católica una y media al sur Contiguo al mirador, 91000 San Carlos, Nicaragua","US$45","Hotel Rooms: 7"
Independent,"Nicawaves",Nicaragua,"Entrada a Popoyo, 1km al Sur, 29572 Popoyo, Nicaragua","US$35","Hotel Rooms: 12"
Independent,"Hotel Casa Barcelona",Nicaragua,"Puente Palmira 1 cuadra al Este 1 cuadra al Sur 1/2 cuadra al este, 43000 Granada, Nicaragua","US$44","Hotel Rooms: 8"
Independent,"Hotel Los Ranchitos",Nicaragua,"Del Magfor media cuadra al norte, Moyogalpa, Nicaragua","US$35","Hotel Rooms: 5"
Independent,"Hotel Suyapa Beach",Nicaragua,"Las Peñitas Poneloya, 12345 Poneloya, Nicaragua","US$72","Hotel Rooms: 15"
Independent,"Hotel Lomas del Valle",Nicaragua,"Residencial Lomas del Valle. From the East 2 blocks East and 3 blocks North, 151, 10000 Managua, Nicaragua","US$59","Hotel Rooms: 10"
Independent,"Hotel Real Altamira",Nicaragua,"Avenida principal Altamira Deste, de CONICO 1 cuadra arriba (Este) #539, 050-088-4 Managua, Nicaragua","US$63","Hotel Rooms: 24"
Independent,"Hotel de Sonrisas",Nicaragua,"401 Calle El Arsenal, 43000 Granada, Nicaragua","US$34","Hotel Rooms: 7"
Independent,"Hotel Ideas de Mama",Nicaragua,"rotonda santo domingo 5c sur 2 1/2 abajo bo la luz, 63012 Managua, Nicaragua","US$35","Hotel Rooms: 20"
Independent,"Surf Ranch Hotel & Resort",Nicaragua,"Empalme de El Valle, 991.5 m al Este, 48600 San Juan del Sur, Nicaragua","US$49","Hotel Rooms: 40"
Independent,"Hotel Posada del Angel",Nicaragua,"Del Portón principal del hospital Militar 1c. Norte 3 c. Oeste  25 vrs Norte, 11173 Managua, Nicaragua","US$70","Hotel Rooms: 15"
Independent,"Apart Hotel Acuarious de Luis",Nicaragua,"COTRAN Sur 1/2c al norte, 800 mts. al este, 00011 Estelí, Nicaragua","US$90","Hotel Rooms: 11"
Independent,"Toritos",Nicaragua,"la caille calzada, Granada, Nicaragua","US$40","Hotel Rooms: 8"
Independent,"Brisas Hotel",Nicaragua,"Centro Médico Quirúrgico Santa Fe 75 Varas Al Este, Calle Santa Ana, 10000 Matagalpa, Nicaragua","US$56","Hotel Rooms: 15"
Independent,"Hotel Cordoba",Nicaragua,"Calle Atravesada, Contiguo a Ixchen, 00011 Granada, Nicaragua","US$76","Hotel Rooms: 26"
Independent,"Granada Boutique",Nicaragua,"city hall 1/2 blocks east center, Granada, Nicaragua","US$34","Hotel Rooms: 8"
Independent,"Casa Vínculos",Nicaragua,"Del Almacén Sony, 1c. y 1/2 al Oeste, Estelí (Nicaragua), Estelí, Nicaragua","US$51","Hotel Rooms: 7"
Independent,"Hotel Xolotlan Managua",Nicaragua,"Hospital Salud Integral 3c al Oeste, 1c al Norte, 20 vrs al Este., 00011 Managua, Nicaragua","US$59","Hotel Rooms: 18"
Independent,"Laguna Beach Club",Nicaragua,"Laguna de Apoyo, Frente al empalme, 10000 La Laguna, Nicaragua","US$40","Hotel Rooms: 11"
Independent,"Hotel Matagalpa Inn",Nicaragua,"Restaurante Tip Top 30 metros al Norte., 00505 Matagalpa, Nicaragua","US$48","Hotel Rooms: 15"
Independent,"Hotel Roca de la Cumbre",Nicaragua,"De la Biblioteca del Banco Central, 1 1/2 Cuadras al Este, 61000 Matagalpa, Nicaragua","US$41","Hotel Rooms: 14"
Independent,"Hotel Real Destino",Nicaragua,"Calle El Caimito, de la Alcaldia de Granada 2 1/2 Cuadras al Lago, 50884 Granada, Nicaragua","US$81","Hotel Rooms: 6"
Independent,"Casa Lucia",Nicaragua,"Colonial los Robles, de la Funeraria Don Bosco 75 varas arriba casa 3, 3278 Managua, Nicaragua","US$53","Hotel Rooms: 2"
Independent,"Hotel Morgan",Nicaragua,"North End, 82100 Big Corn Island, Nicaragua","US$47","Hotel Rooms: 6"
Independent,"Hotel Pinolero",Nicaragua,"Calle Real Xalteva, Iglesia la Merced 25 vrs al este, 11111 Granada, Nicaragua","US$25","Hotel Rooms: 6"
Independent,"Hotel il Padrino",Nicaragua,"1.5 blocks North from San Francisco Church, in front of Sports Gym, 10000 Granada, Nicaragua","US$44","Hotel Rooms: 9"
Independent,"Hotel Centro Urbano",Nicaragua,"De la iglesia el carmen 1c al norte, 1/2c al oeste, 10000 Managua, Nicaragua","US$47","Hotel Rooms: 11"
Independent,"Hotel Ometepetl",Nicaragua,"Del Puerto de Moyogalpa 70 varas al Este, 48700 Moyogalpa, Nicaragua","US$40","Hotel Rooms: 10"
Independent,"Caballito's Mar",Nicaragua,"De la iglesia catolica(Merida) 50 metros  al norte ,300 metros al lago -Merida -Isla de Ometepe De la iglesia catolica(Merida) 50 metros  al norte ,300 metros al lago -Merida -Isla de Ometepe, Mérida, Nicaragua","US$30","Hotel Rooms: 3"
Independent,"Hotel Libano",Nicaragua,"De la Catedral 1/2 cuadra al norte, 21000 León, Nicaragua","US$43","Hotel Rooms: 12"
Independent,"Hotel Casa Celebertti",Nicaragua,"Calle de Los Bancos, contiguo al MINSA, 13642 Matagalpa, Nicaragua","US$74","Hotel Rooms: 12"
Independent,"Hotel y Restaurante la Casona",Nicaragua,"Catedral San Juan 1 1/2 cuadra al norte, contiguo al BAC jinotega, Jinotega, Nicaragua","US$59","Hotel Rooms: 4"
Independent,"Meson Nadi",Nicaragua,"Del cementerio 200 VRS al norte,1.5 km al oeste, Meson Nadi, Playa Santana, Popoyo, Nicaragua","US$164","Hotel Rooms: 6"
Independent,"Hotel Montserrat",Nicaragua,"Residencial Bolonia, Optica Vision 1c abajo, media al lago, Managua, Nicaragua","US$50","Hotel Rooms: 13"
Independent,"Hotel Maderas Inn",Nicaragua,"Calle Central Cuerpo de Bomberos 2 Al Sur., 1000 Masaya, Nicaragua","US$23","Hotel Rooms: 12"
Independent,"Hotel Los Arcangeles",Nicaragua,"Bo Central Costado Este de Catedral, Juigalpa, Nicaragua","US$58","Hotel Rooms: 16"
Independent,"Hotel Finca El Chipote",Nicaragua,"Altagracia, 000-000-0 Altagracia, Nicaragua","US$70","Hotel Rooms: 6"
Independent,"Bomalu",Nicaragua,"Desde el cruce Peñitas - Poneloya 900 metros al sur, 10000 Las Peñitas, Nicaragua","US$29","Hotel Rooms: 7"
Independent,"Hotel Ivania´s",Nicaragua,"Calle el Calvario 3 1/2 c al oeste, 000-000-0 Masaya, Nicaragua","US$53","Hotel Rooms: 17"
Independent,"Hotel Morgut",Nicaragua,"De Plaza Inter, 1c al oeste, 00011 Managua, Nicaragua","US$53","Hotel Rooms: 14"
Independent,"Hotel Hex Estelí",Nicaragua,"Km 149 Carretera Panamericana, 050-088-4 Estelí, Nicaragua","US$82","Hotel Rooms: 49"
Independent,"Hotel Don Vito",Nicaragua,"PARQUE INFANTIL 1 1/2 CUADRA AL ESTE, 10000 Estelí, Nicaragua","US$66","Hotel Rooms: 36"
Independent,"Hotel Antigua Estación Granada",Nicaragua,"Frente al parque de los poetas, 43000 Granada, Nicaragua","US$57","Hotel Rooms: 11"
Independent,"Hotel Dulce Hogar & Spa",Nicaragua,"Avenida Principal Altamira, 449 Contiguo Pintura Sur ,Del BDF 1/2 cuadra al Sur, 00505 Managua, Nicaragua","US$50","Hotel Rooms: 8"
Independent,"Sunrise Hotel",Nicaragua,"Via principal, 82100 Big Corn Island, Nicaragua","US$47","Hotel Rooms: 15"
Independent,"El Coco Azul",Nicaragua,"Avenida del Parque, 48600 San Juan del Sur, Nicaragua","US$47","Hotel Rooms: 6"
Independent,"Hotel Los Balcones Leon",Nicaragua,"De la esquina de los bancos 1c al este, 10000 León, Nicaragua","US$64","Hotel Rooms: 20"
Independent,"Hotel El Internacional",Nicaragua,"Calle La Islita (2 blocks south and half a block east of the La Colonia supermarket), 050-088-4 Granada, Nicaragua","US$34","Hotel Rooms: 5"
Independent,"Hotel Colibri",Nicaragua,"Colonial Los Robles, de Funeraria Monte de Los Olivos 1c norte y 1 1/2 c Oeste, #9, Managua 505, , 000-000-0 Managua, Nicaragua","US$52","Hotel Rooms: 10"
Independent,"The Surfing Donkey - Deluxe",Nicaragua,"Calle La Calzada casa #424, Del Parque Central 3 1/2 cuadras al lago, frente el Colegio Carlos A. Bravos, 43000 Granada, Nicaragua","US$43","Hotel Rooms: 9"
Independent,"Hotel Hamacas",Nicaragua,"Del Muelle San Jorge 100 metros Oeste 25 metros Sur, 050-088-4 San Jorge, Nicaragua","US$39","Hotel Rooms: 18"
Independent,"Hotel Vanderbilt",Nicaragua,"Iglesia El Carmen 100 metros al Norte 50 metros al Oeste, Managua, Nicaragua","US$48","Hotel Rooms: 12"
Independent,"Hotel Kekoldi de Granada",Nicaragua,"Calle Consulado No. 315, 050-088-4 Granada, Nicaragua","US$59","Hotel Rooms: 12"
Independent,"Hotel Los Balcones de Chinandega",Nicaragua,"1 Avenida Este, entre Calle Central y 1 Calle Norte, 56565 Chinandega, Nicaragua","US$62","Hotel Rooms: 18"
Independent,"Hotel Casa De Angeles",Nicaragua,"80 Los Robles Del Registro Central De Las Personas 1 Cuadra Al Este 1/2 Al Sur, 31 calle sureste, 14006 Managua, Nicaragua","US$29","Hotel Rooms: 6"
Independent,"Altos de Fontana",Nicaragua,"15 Avenida Sureste,  500 m. al sur de Villa Fontana del Club Terraza, Managua, Nicaragua","US$123","Hotel Rooms: 15"
Independent,"Executive Managua",Nicaragua,"De la Policinica Nicaraguense 50 vrs. al Oeste, a un costado de las Pipitos, Bolonia, 00011 Managua, Nicaragua","US$76","Hotel Rooms: 15"
Independent,"Hotel El Familiar Granada",Nicaragua,"Parque Central 100 mts al Este, 100 mts al Sur, 50 mts al este Centro Histórico Granada Calle Morazán, 43000 Granada, Nicaragua","US$34","Hotel Rooms: 10"
Independent,"Hotel Ola Verde",Nicaragua,"carretera de guasacate, 00131 Popoyo, Nicaragua","US$31","Hotel Rooms: 8"
Independent,"Hotel La Polvora",Nicaragua,"Hotel La Polvora , 627 Calle La Loquera, Granada, Nicaragua","US$64","Hotel Rooms: 7"
Independent,"Hotel Encanto del Sur",Nicaragua,"san juan del sur del parque central 75 vrs al sur, 48600 San Juan del Sur, Nicaragua","US$35","Hotel Rooms: 18"
Independent,"Hotel Dalinky",Nicaragua,"200 al Oeste del Muelle, 48100 San Jorge, Nicaragua","US$54","Hotel Rooms: 22"
Independent,"Hotel Mariposa",Nicaragua,"Del Parque Arlen Siu 50 metros Sur, 21100 León, Nicaragua","US$61","Hotel Rooms: 9"
Independent,"Hotel Austria",Nicaragua,"catedral 1 cuadra al sur, 21000 León, Nicaragua","US$77","Hotel Rooms: 35"
Independent,"Hotel La Dolce Vita",Nicaragua,"De la gasolinera UNO 1 cuadra al oeste, 050-088-4 San Juan del Sur, Nicaragua","US$53","Hotel Rooms: 6"
Independent,"Hotel El Club",Nicaragua,"Calle Libertad de la Piedra Bocona,  1 Cuadra al Oeste, 050-088-4 Granada, Nicaragua","US$68","Hotel Rooms: 15"
Independent,"Hotel y Apartments Los Cisneros",Nicaragua,"Sector Bolonia; CST 2C..al Sur, 1/2 c. al este M/D .#555 Managua, Nicaragua, 50884 Managua, Nicaragua","US$30","Hotel Rooms: 20"
Independent,"Hotel Colonnade Nicaragua",Nicaragua,"Planes de Altamira del Casino Pharaohs 50 metros oeste  y 25 norte Managua, 355-533-3 Managua, Nicaragua","US$99","Hotel Rooms: 11"
Independent,"Hotel con Corazón",Nicaragua,"141, calle Santa Lucía, 50000 Granada, Nicaragua","US$72","Hotel Rooms: 15"
Independent,"HC Suites Hotel",Nicaragua,"Zona Costera, Contiguo a Casa Marina y Frente Restaurante Joseline, 47000 San Juan del Sur, Nicaragua","US$30","Hotel Rooms: 20"
Independent,"Hotel Angel Azul Managua",Nicaragua,"Villa Fontana, del Club Terraza 1c.Este, 75vrs. Norte, 60111 Managua, Nicaragua","US$82","Hotel Rooms: 8"
Independent,"Hostal Real - Los Robles",Nicaragua,"One block and 7 meters North of the Restaurant La Marsellaise, 46. Los Robles, 050-088-4 Managua, Nicaragua","US$70","Hotel Rooms: 15"
Independent,"Hotel La Mar Dulce",Nicaragua,"La Islita Street, from Supermarket La Colonia 3 blocks south., 050-088-4 Granada, Nicaragua","US$76","Hotel Rooms: 16"
Independent,"Hotel Casa San Martín",Nicaragua,"Iglesia Catedral 1 cuadra al lago Calle la Calzada., 00505 Granada, Nicaragua","US$56","Hotel Rooms: 8"
Independent,"Hotel Leon Viejo",Nicaragua,"Calle Real, s/n (40mts al este del Banco Banpro Sutiava), 10000 León, Nicaragua","US$50","Hotel Rooms: 8"
Independent,"Hotel Internacional Managua",Nicaragua,"Rotonda, Centro America Neighborhood , 10000	 Managua, Nicaragua","US$80","Hotel Rooms: 22"
Independent,"Hotel Brandts Los Robles de San Juan",Nicaragua,"Reparto San Juan, Zona Hippo, 1c al sur 1c al oeste, 90000 Managua, Nicaragua","US$70","Hotel Rooms: 18"
Independent,"Hotel El Raizon",Nicaragua,"Km 20.3 Carretera Masaya, Nindiri, 050-088-4 Masaya, Nicaragua","US$59","Hotel Rooms: 26"
Independent,"Hotel Jardin de Granada",Nicaragua,"Calle La otra Banda, contiguo a Farmacia Santa Rosa, 43000 Granada, Nicaragua","US$55","Hotel Rooms: 10"
Independent,"Hotel Europeo",Nicaragua,"Residencial Bolonia del canal 2 de TV, 75 Metros Oeste, 10000 Managua, Nicaragua","US$81","Hotel Rooms: 33"
Independent,"Hotel Glifoos",Nicaragua,"C/ Real Xalteva 205 contiguo a farmacia Praga, Granada, Nicaragua","US$26","Hotel Rooms: 7"
Independent,"Hotel Los Pinos",Nicaragua,"Reparto San Juan, Gimnasio Hercules 1C al sur 1/2 al este. #314, 10000 Managua, Nicaragua","US$79","Hotel Rooms: 16"
Independent,"Park Avenue Villas",Nicaragua,"De Restaurante El Timon 2 cuadras al norte y dos cuadras el este, 48600 San Juan del Sur, Nicaragua","US$82","Hotel Rooms: 12"
Independent,"Arenas Beach Hotel",Nicaragua,"Southwest Bay, 82100 Big Corn Island, Nicaragua","US$98","Hotel Rooms: 29"
Independent,"Hotel Vistamar Beachfront Resort & Conference Center",Nicaragua,"Playas de Pochomil, 355-533-3 Pochomil, Nicaragua","US$132","Hotel Rooms: 42"
Independent,"Hotel Finca Santo Domingo",Nicaragua,"5km de la entrada del Quino, Carretera Santo Domingo, Santa Cruz, Nicaragua","US$31","Hotel Rooms: 16"
Independent,"La Pyramide",Nicaragua,"One block south from Hercules Gym at Reparto San Juan, 10000 Managua, Nicaragua","US$47","Hotel Rooms: 10"
Independent,"Hotel Contempo",Nicaragua,"Km 11 Carretera Masaya 400Mts W, 10000 Managua, Nicaragua","US$142","Hotel Rooms: 18"
Independent,"Sunshine Hotel",Nicaragua,"50 metres from the wharf, 82100 Little Corn Island, Nicaragua","US$70","Hotel Rooms: 5"
Independent,"Hotel La Estación",Nicaragua,"Ave. Central, Zona Costera , 355-533-3 San Juan del Sur, Nicaragua","US$86","Hotel Rooms: 18"
Independent,"El Cardhu del Mar",Nicaragua,"from Pescanova 50 mts south / al sur, Las Peñitas, Nicaragua","US$70","Hotel Rooms: 1"
Independent,"Hotel Casa de Alto",Nicaragua,"14 de Septiembre street, Firemen station, half block west, 050-088-4 Granada, Nicaragua","US$47","Hotel Rooms: 7"
Independent,"Hotel Villa Americana",Nicaragua,"Planes de Altamira 12, 050-088-4 Managua, Nicaragua","US$80","Hotel Rooms: 14"
Independent,"Hotel Alcazar",Nicaragua,"Calle Paseo del Rey, Del Restaurante El Timon, 150 mts al Norte, San Juan del Sur, 48600 San Juan del Sur, Nicaragua","US$102","Hotel Rooms: 7"
Independent,"Pelican Eyes Resort and Spa",Nicaragua,"De la Parroquia 1 1/2 cuadra del este, 050-088-4 San Juan del Sur, Nicaragua","US$176","Hotel Rooms: 52"
Independent,"Paraiso Beach Hotel",Nicaragua,"Shipwreck Beach, 355-533-3 Big Corn Island, Nicaragua","US$70","Hotel Rooms: 14"
Independent,"Wayak Hotel",Nicaragua,"Villa Fontana, Frente a Club Terraza., 10000 Managua, Nicaragua","US$94","Hotel Rooms: 22"
Independent,"Hotel Patio del Malinche",Nicaragua,"Calle El Caimito, de Alcaldia 2 1/2 c. al Lago, 44100 Granada, Nicaragua","US$76","Hotel Rooms: 16"
Independent,"Hotel Casa del Consulado",Nicaragua,"Banpro 30 vrs. abajo, 43000 Granada, Nicaragua","US$72","Hotel Rooms: 13"
Independent,"Hotel Royal Chateau",Nicaragua,"Del Mercado Municipal 1 cuadra al este, 355-533-3 San Juan del Sur, Nicaragua","US$59","Hotel Rooms: 20"
Independent,"Hotel Aloha",Nicaragua,"McDonalds metrocentro, una cuadra al oeste, dos cuadras al norte 25 metros al este, 10000 Managua, Nicaragua","US$68","Hotel Rooms: 12"
Independent,"Hotel Los Arcos",Nicaragua,"Del Costado Noroeste de Catedral, 1/2 cuadra al Norte, 55555 Estelí, Nicaragua","US$54","Hotel Rooms: 32"
Independent,"Hotel SelvAzul",Nicaragua,"del triangulo 200 mts al nte., Plan de la Laguna de Apoyo, 10000 La Laguna, Nicaragua","US$46","Hotel Rooms: 10"
Independent,"Hostal Monte Cristi",Nicaragua,"caretera norte, managua, nicaragua, 11057 Managua, Nicaragua","US$33","Hotel Rooms: 6"
Independent,"HC Liri Hotel",Nicaragua,"Frente a la Playa cruzando el Puente , 050-088-1 San Juan del Sur, Nicaragua","US$43","Hotel Rooms: 9"
"Hotel Chain:
Hilton Hotels & Resorts","Hilton Princess Managua",Nicaragua,"KM 4.5, Carretera a Masaya, 10000 Managua, Nicaragua","US$209","Hotel Rooms: 104,,"
Independent,"Hotel Casa Canada",Nicaragua,"Big Corn Island, Barrio South End en frente del Hotel Sun Rise, 000-000-0 Big Corn Island, Nicaragua","US$81","Hotel Rooms: 20"
"Hotel Chain:
Holiday Inn Hotels & Resorts","Holiday Inn Convention Center",Nicaragua,"Pista Juan Pablo II , 10000 Managua, Nicaragua","US$151","Hotel Rooms: 156,,"
Independent,"Hotel Los Delfines",Nicaragua,"200 mts al sureste del muelle minicipal, Little Corn Island, Nicaragua","US$63","Hotel Rooms: 18"
Independent,"Hotel Mansion Teodolinda",Nicaragua,"Residencial Bolonia, de INTUR 1c al sur 1c al oeste, 10000 Managua, Nicaragua","US$68","Hotel Rooms: 6"
"Hotel Chain:
Crowne Plaza Hotels & Resorts","Crowne Plaza Managua",Nicaragua,"Octava Calle Sur Oeste, 101 , 3278 Managua, Nicaragua","US$180","Hotel Rooms: 140,"
Independent,"Hotel El Maltese",Nicaragua,"Plaza España 50 mts al Sur - Malecón de Granada, 11101 Granada, Nicaragua","US$44","Hotel Rooms: 11"
Independent,"Hotel Villa Paraiso",Nicaragua,"Playa Santo Domingo, 48700 Santo Domingo, Nicaragua","US$108","Hotel Rooms: 25"
Independent,"Marsella Beach Front",Nicaragua,"Playa Marsella 0001, 48600 San Juan del Sur, Nicaragua","US$39","Hotel Rooms: 14"
Independent,"Hotel Don Carmelo",Nicaragua,"Ciudad Jardin, de la Clinica Santa Maria una cuadra al Oeste, 10000 Managua, Nicaragua","US$41","Hotel Rooms: 15"
Independent,"Hotel Colonial",Nicaragua,"una cuadra de la playa, 000-000-0 San Juan del Sur, Nicaragua","US$55","Hotel Rooms: 12"
Independent,"Hotel La Bocona",Nicaragua,"Calle La Libertad 1 Cuadra al Oeste del BAC, 10000 Granada, Nicaragua","US$66","Hotel Rooms: 6"
"Hotel Chain:
Best Western","Best Western Las Mercedes Leon",Nicaragua,"Catedral 50 mts al Norte , 21000 León, Nicaragua","US$79","Hotel Rooms: 20,,"
Independent,"Casa La Merced",Nicaragua,"Calle Real frente a la Iglesia La Merced, 557-115-1 Granada, Nicaragua","US$68","Hotel Rooms: 11"
Independent,"Hotel Posada Bahia Azul",Nicaragua,"Park 1.5 block south, 01009 San Juan del Sur, Nicaragua","US$41","Hotel Rooms: 15"
Independent,"Hotel Le Chateau",Nicaragua,"Planes de Altamira Frente a Pasteleria Sampson. Casa # 76, 355-533-3 Managua, Nicaragua","US$92","Hotel Rooms: 23"
Independent,"Rositas Hotel",Nicaragua,"Del Mercado 1 cuadra y media al oeste, 050-088-1 San Juan del Sur, Nicaragua","US$30","Hotel Rooms: 23"
Independent,"El Jardin",Nicaragua,"Bahia Nacascolo, 0500884 San Juan del Sur, Nicaragua","US$53","Hotel Rooms: 11"
Independent,"Hotel Xalteva",Nicaragua,"Calle Obispo Ulloa, 050-008-4 Granada, Nicaragua","US$78","Hotel Rooms: 16"
Independent,"Hotel Real Leon",Nicaragua,"Iglesia Recoleccion 1 1/2 cuadra al este., 10000 León, Nicaragua","US$66","Hotel Rooms: 14"
Independent,"Hotel San Juan de Leon",Nicaragua,"Costado Norte, parque San Juan, 51234 León, Nicaragua","US$55","Hotel Rooms: 19"
Independent,"Hotel Mozonte",Nicaragua,"Residencial Bolonia, PriceSmart 1.5 cuadras al norte., 10000 Managua, Nicaragua","US$54","Hotel Rooms: 24"
Independent,"Hotel El Almendro",Nicaragua,"Rotonda Ruben Dario Metrocentro 1 cuadra al Sur 3 cuadras al Oeste, 050-088-4 Managua, Nicaragua","US$77","Hotel Rooms: 23"
Independent,"Hotel RDG",Nicaragua,"Villa Fontana-Managua | Pizza Hut Villa Fontana 1c Oeste 1c Norte 1c Est, 10000 Managua, Nicaragua","US$67","Hotel Rooms: 32"
Independent,"Hotel Azul",Nicaragua,"Avenida Central, de la catedral (entrada principal) 2 1/2 cuadras al norte, 21100 León, Nicaragua","US$64","Hotel Rooms: 10"
Independent,"Hotel Boutique Villa Maya",Nicaragua,"Residencial Las Colinas 105, 10000 Managua, Nicaragua","US$99","Hotel Rooms: 9"
Independent,"Elements Hotel Boutique",Nicaragua,"Residencial Los Robles, contiguo a Plaza Cuba, 000-000-0 Managua, Nicaragua","US$187","Hotel Rooms: 18"
Independent,"Hotel Plaza Colon",Nicaragua,"Frente al Parque Central, 43000 Granada, Nicaragua","US$104","Hotel Rooms: 27"
Independent,"Airport X Managua",Nicaragua,"Residencial Montechristi, 11055 Managua, Nicaragua","US$42","Hotel Rooms: 40"
Independent,"Villas de Palermo Hotel and Resort",Nicaragua,"Km 139 Carretera San Juan del Sur, 500 metros al  Norte, 355-533-3 San Juan del Sur, Nicaragua","US$116","Hotel Rooms: 49"
Independent,"Hotel El Convento",Nicaragua,"Contiguo Iglesia San Francisco, 10000 León, Nicaragua","US$133","Hotel Rooms: 31"
Independent,"Hotel la Perla Leon",Nicaragua,"From La Merced Church 150 meters north, 00505 León, Nicaragua","US$85","Hotel Rooms: 23"
Independent,"Barrio Cafe Hotel Restaurant Bar",Nicaragua,"Del Mercado Municipal 1c. al Oeste, 10000 San Juan del Sur, Nicaragua","US$46","Hotel Rooms: 8"
Independent,"Hotel Flor De Sarta",Nicaragua,"Del Parque San Juan 2 cuadras al Oeste 1/2 cuadra al Norte, 050-088-4 León, Nicaragua","US$60","Hotel Rooms: 8"
Independent,"Hotel Posada de Paz Managua",Nicaragua,"Managua, semáforo mercado mayoreo 100 mts al oeste (abajo), 10000 Managua, Nicaragua","US$41","Hotel Rooms: 9"
Independent,"Hostal El Rey",Nicaragua,"Zona Central, de la iglesia Molaguina 75 vras al oeste., 61000 Matagalpa, Nicaragua","US$30","Hotel Rooms: 12"
Independent,"Hotel Tijerinos",Nicaragua,"Frente al Parque Central , 51000 Boaco, Nicaragua","US$47","Hotel Rooms: 18"
Independent,"Dsantos Hotel Boutique",Nicaragua,"Km 43 Carretera Panamericana Sur, 300 Metros Al Norte, Dolores, Nicaragua","US$101","Hotel Rooms: 7"
Independent,"Lady M Club Hotel",Nicaragua,"Puente Arlen Siu 100 m sur / 100 m este, 11111 León, Nicaragua","US$35","Hotel Rooms: 9"
Independent,"Hotel Central Park-Managua",Nicaragua,"Los Robles, Pool 8, media cuadra al sur, Frente al parque, 10000 Managua, Nicaragua","US$70","Hotel Rooms: 20"
Independent,"Hotel Casa de Pacifico Masachapa Playa",Nicaragua,"Gasolinera Petronic Masachapa 1 c. oeste y 2 c. al sur, 00001 Masachapa, Nicaragua","US$94","Hotel Rooms: 3"
Independent,"Hotel Casa Real",Nicaragua,"Rotonda Rubén Darío,  Del hotel Seminole 3c. al lago , 1/2c. abajo, 14003 Managua, Nicaragua","US$57","Hotel Rooms: 13"
Independent,"Hotel La Estacion",Nicaragua,"De Gasolinera Uno Guapinol una cuadra y media al sur. Avenida Arellano frente al Silais., 058-088-4 Granada, Nicaragua","US$56","Hotel Rooms: 20"
Independent,"Hotel de Calidad",Nicaragua,"Calle el Cementerio, 050-088-4 Granada, Nicaragua","US$70","Hotel Rooms: 15"
Independent,"Hotel Leon del Sol",Nicaragua,"Iglesia La Recolección 2 cuadras al este, 21000 León, Nicaragua","US$59","Hotel Rooms: 8"
Independent,"Hotel Brial Plaza",Nicaragua,"Km. 7.5 carretera Managua a Masaya 500m al sur 100m al oeste, 050-088-4 Managua, Nicaragua","US$70","Hotel Rooms: 19"
Independent,"Sabalos Lodge",Nicaragua,"Boca de Sabalos, El Castillo, Rio San Juan, 050-088-1 El Castillo de La Concepción, Nicaragua","US$69","Hotel Rooms: 11"
Independent,"Hotel Casa Pochomil",Nicaragua,"200 metros al sur del Hotel Ticomo, 16700 Pochomil, Nicaragua","US$80","Hotel Rooms: 6"
Independent,"Hotel Hex",Nicaragua,"In front of shopping mall multicentro las Americas, 000-000-0 Managua, Nicaragua","US$99","Hotel Rooms: 100"
Independent,"Hotel Brandts Ejecutivo Los Robles",Nicaragua,"Semaforo de Metrocentro, 1c al este 150 varas al norte, Managua, Nicaragua","US$76","Hotel Rooms: 32"
Independent,"Apartamentos Vistas de Santo Domingo",Nicaragua,"Car. Masaya KM.7.2 de Plaza Familiar 400 Mts al Sur Oeste, 10000 Managua, Nicaragua","US$94","Hotel Rooms: 12"
Independent,"Sea View",Nicaragua,"Detras de la Iglesia Penticostes, Little Corn Island, Nicaragua","US$40","Hotel Rooms: 12"
Independent,"Gran Pacifica's Vida del Mar Beach and Golf Resort",Nicaragua,"Villa el Carmen. Km 49 road to Masachapa. 11 Km West, 43000 San Diego, Nicaragua","US$136","Hotel Rooms: 22"
Independent,"Fullmoon Hotel",Nicaragua,"Avenida 14 de Septiembre, de la Iglesia La Merced 3 cuadras al Sur 2, 43000 Granada, Nicaragua","US$44","Hotel Rooms: 20"
Independent,"Casa Hotel Santa Elena",Nicaragua,"Contiguo a Oficinas de INiser, O del Colegio de las Monjas 75 vrs al Norte, Estelí, Nicaragua","US$27","Hotel Rooms: 11"
Independent,"Hotel Estrella",Nicaragua,"Semaforos de Rubenia 200 mts al norte, 050-088-4 Managua, Nicaragua","US$78","Hotel Rooms: 40"
Independent,"El Almirante",Nicaragua,"Calle Corrales Ferreteria Datisa, 111, 050-088-4 Granada, Nicaragua","US$53","Hotel Rooms: 20"
Independent,"Hotel Asturias Nicaragua",Nicaragua,"Reparto El Carmen, Costado Oeste de la Iglesia El Carmen 75 varas al Sur, M/I, casa de 2 pisos. , 10000 Managua, Nicaragua","US$59","Hotel Rooms: 10"
Independent,"Hotel Mery",Nicaragua,"Costado Norte Casa Pellas 2 cuadras al Oeste, Estelí, Nicaragua","US$35","Hotel Rooms: 9"
"Hotel Chain:
Best Western","Best Western Las Mercedes",Nicaragua,"50 METROS NORTE CATEDRAL, 00001 Managua, Nicaragua","US$105","Hotel Rooms: 100,,"
Independent,"Hotel Hex Estelí",Nicaragua,"Km 149 Carretera Panamericana, 050-088-4 Estelí, Nicaragua","US$82","Hotel Rooms: 49"
Independent,"Hotel Casa del Sol",Nicaragua,"Semáforos del 7 Sur 100 vrs al sur, 050-088-4 Managua, Nicaragua","US$99","Hotel Rooms: 10"
"Hotel Chain:
Hyatt Place","Hyatt Place Managua",Nicaragua,"Carretera Masaya Km 8.2       , 10000 Managua, Nicaragua","US$209","Hotel Rooms: 140,"
Independent,"Barrio Cafe Hotel Restaurant Bar",Nicaragua,"Del Mercado Municipal 1c. al Oeste, 10000 San Juan del Sur, Nicaragua","US$46","Hotel Rooms: 8"
Independent,"Airport X Managua",Nicaragua,"Residencial Montechristi, 11055 Managua, Nicaragua","US$42","Hotel Rooms: 40"
Independent,"Seminole Plaza Hotel",Nicaragua,"Km 4 1/2 Carretera a Masaya, 1 cuadra al Oeste,1 cuadra al Sur, 10000 Managua, Nicaragua","US$96","Hotel Rooms: 84"
Independent,"Hotel Flor De Sarta",Nicaragua,"Del Parque San Juan 2 cuadras al Oeste 1/2 cuadra al Norte, 050-088-4 León, Nicaragua","US$60","Hotel Rooms: 8"
"Hotel Chain:
Holiday Inn Express","Holiday Inn Express Managua",Nicaragua,"Blvd. Jean Paul Genie, rotonda 800 mts al oeste, 50000 Managua, Nicaragua","US$151","Hotel Rooms: 114,,"
Independent,"Hotel Plaza Colon",Nicaragua,"Frente al Parque Central, 43000 Granada, Nicaragua","US$104","Hotel Rooms: 27"
Independent,"Elements Hotel Boutique",Nicaragua,"Residencial Los Robles, contiguo a Plaza Cuba, 000-000-0 Managua, Nicaragua","US$187","Hotel Rooms: 18"
Independent,"Hotel Don Vito",Nicaragua,"PARQUE INFANTIL 1 1/2 CUADRA AL ESTE, 10000 Estelí, Nicaragua","US$66","Hotel Rooms: 36"
Independent,"Hotel Real La Merced",Nicaragua,"Frente a Iglesia la Merced, 00111 Granada, Nicaragua","US$80","Hotel Rooms: 17"
"Hotel Chain:
InterContinental Hotels & Resorts","Real Intercontinental Metrocentro Managua",Nicaragua,"Frente a Centro Comercial Metrocentro, 10000 Managua, Nicaragua","US$256","Hotel Rooms: 157,"