area,name,rooms,price,chain,country
"Zona Costera, Contiguo a Casa Marina y Frente Restaurante Joseline, 47000 San Juan del Sur, Nicaragua","HC Suites Hotel","Hotel Rooms: 20",,Independent,Nicaragua
"Playa Marsella, 50884 San Juan del Sur, Nicaragua","Mango Rosa Resort","Hotel Rooms: 12",,Independent,Nicaragua
"De banpro San Juan del sur 75 vrs, donde fue la policía san juan del sur, 52100 San Juan del Sur, Nicaragua","Sunset Hotel","Hotel Rooms: 7",,Independent,Nicaragua
"Pista Juan Pablo II , 10000 Managua, Nicaragua","Holiday Inn Convention Center","Hotel Rooms: 156,,",,"Hotel Chain:
Holiday Inn Hotels & Resorts",Nicaragua
"Southwest Bay, 82100 Big Corn Island, Nicaragua","Arenas Beach Hotel","Hotel Rooms: 29",,Independent,Nicaragua
"Empalme de El Valle, 991.5 m al Este, 48600 San Juan del Sur, Nicaragua","Surf Ranch Hotel & Resort","Hotel Rooms: 40",,Independent,Nicaragua
"50 METROS NORTE CATEDRAL, 00001 Managua, Nicaragua","Best Western Las Mercedes","Hotel Rooms: 100,,",,"Hotel Chain:
Best Western",Nicaragua
"Semaforos de Rubenia 200 mts al norte, 050-088-4 Managua, Nicaragua","Hotel Estrella","Hotel Rooms: 40",,Independent,Nicaragua
"Avenida del Parque, 48600 San Juan del Sur, Nicaragua","El Coco Azul","Hotel Rooms: 6",,Independent,Nicaragua
"Ave. Central, Zona Costera , 355-533-3 San Juan del Sur, Nicaragua","Hotel La Estación","Hotel Rooms: 18",,Independent,Nicaragua
"200 metros al sur del Hotel Ticomo, 16700 Pochomil, Nicaragua","Hotel Casa Pochomil","Hotel Rooms: 6",,Independent,Nicaragua
"Del Mercado 1 cuadra y media al oeste, 050-088-1 San Juan del Sur, Nicaragua","Rositas Hotel","Hotel Rooms: 23",,Independent,Nicaragua
"una cuadra de la playa, 000-000-0 San Juan del Sur, Nicaragua","Hotel Colonial","Hotel Rooms: 12",,Independent,Nicaragua
"Km 4 1/2 Carretera a Masaya, 1 cuadra al Oeste,1 cuadra al Sur, 10000 Managua, Nicaragua","Seminole Plaza Hotel","Hotel Rooms: 84",,Independent,Nicaragua
"Frente a la Playa cruzando el Puente , 050-088-1 San Juan del Sur, Nicaragua","HC Liri Hotel","Hotel Rooms: 9",,Independent,Nicaragua
"Villa Fontana, Frente a Club Terraza., 10000 Managua, Nicaragua","Wayak Hotel","Hotel Rooms: 22",,Independent,Nicaragua
"De Gasolinera Uno Guapinol una cuadra y media al sur. Avenida Arellano frente al Silais., 058-088-4 Granada, Nicaragua","Hotel La Estacion","Hotel Rooms: 20",,Independent,Nicaragua
"De la Biblioteca del Banco Central, 1 1/2 Cuadras al Este, 61000 Matagalpa, Nicaragua","Hotel Roca de la Cumbre","Hotel Rooms: 14",,Independent,Nicaragua
"Restaurante Tip Top 30 metros al Norte., 00505 Matagalpa, Nicaragua","Hotel Matagalpa Inn","Hotel Rooms: 15",,Independent,Nicaragua
"Del Puerto de Moyogalpa 70 varas al Este, 48700 Moyogalpa, Nicaragua","Hotel Ometepetl","Hotel Rooms: 10",,Independent,Nicaragua
"Colonial los Robles, de la Funeraria Don Bosco 75 varas arriba casa 3, 3278 Managua, Nicaragua","Casa Lucia","Hotel Rooms: 2",,Independent,Nicaragua
"a 5 minutos en carro del centro historico de la ciudad, enfrente de la entrada del reparto San Juan, 00011 Granada, Nicaragua","Hotel Palacio Real","Hotel Rooms: 12",,Independent,Nicaragua
"Entrada a Popoyo, 1km al Sur, 29572 Popoyo, Nicaragua","Nicawaves","Hotel Rooms: 12",,Independent,Nicaragua
"Laguna de Apoyo, Frente al empalme, 10000 La Laguna, Nicaragua","Laguna Beach Club","Hotel Rooms: 11",,Independent,Nicaragua
"North End, 82100 Big Corn Island, Nicaragua","Hotel Morgan","Hotel Rooms: 6",,Independent,Nicaragua
"Paseo del Rey 1, San Juan del Sur, Nicaragua","Hotel Atlantic City","Hotel Rooms: 5",,Independent,Nicaragua
"Kilómetro 5 Carretera A Masaya, 10000 Managua, Nicaragua","Ambassador Hotel","Hotel Rooms: 38",,Independent,Nicaragua
"de la hacienda merida 500 m al sur, 68144 Mérida, Nicaragua","Hotel La Omaja","Hotel Rooms: 7",,Independent,Nicaragua
"Laguna de Apoyo, del Triángulo del Plan de la Laguna 2 kms. al Noreste., 10000 La Laguna, Nicaragua","Posada Ecologica La Abuela","Hotel Rooms: 13",,Independent,Nicaragua
"Calle Cusicoma, del mercado media cuadra al lago, Granada, Nicaragua","Casa Amalia","Hotel Rooms: 5",,Independent,Nicaragua
"Avenida del Parque, 48600 San Juan del Sur, Nicaragua","La Posada Azul","Hotel Rooms: 7",,Independent,Nicaragua
"Calle el Caimito, desde la Alcaldia Municipal, 3 cuadras al Lago, 43000 Granada, Nicaragua","Hotel La Pérgola","Hotel Rooms: 26",,Independent,Nicaragua
"Semaforo Maxi Pali, 1/2 cuadra al oeste, Estelí, Nicaragua","Aparthotel Gueguense","Hotel Rooms: 6",,Independent,Nicaragua
"Barrio Brig Bay, Waula Point, 82100 Big Corn Island, Nicaragua","La Princesa de La Isla","Hotel Rooms: 5",,Independent,Nicaragua
"Tercera entrada a Matagalpa 1 c. al este y 1/2 c. al sur, frente a Clinica Profamilia, Matagalpa, Nicaragua, 61000 Matagalpa, Nicaragua","Hotel Villa Hermosa","Hotel Rooms: 5",,Independent,Nicaragua
"Gasolinera Petronic Masachapa 1 c. oeste y 2 c. al sur, 00001 Masachapa, Nicaragua","Hotel Casa de Pacifico Masachapa Playa","Hotel Rooms: 3",,Independent,Nicaragua
"Calle La Libertad, del edificio BAC 2 1/2 cuadras al Oeste, Granada, Nicaragua","Bubu Hotel","Hotel Rooms: 5",,Independent,Nicaragua
"Guasacate - Popoyo Tola, Popoyo, Nicaragua","Melting Elefante","Hotel Rooms: 6",,Independent,Nicaragua
"Gasolinera Texaco 1calle Oeste  1/2 cuadra al norte, 000-000-0 Jinotega, Nicaragua","Hotel Cafe","Hotel Rooms: 34",,Independent,Nicaragua
"200 m norte de Tanke de Agua, La Chocolata Nacascolo, San Juan del Sur, Nicaragua","Eden on the Chocolata","Hotel Rooms: 2",,Independent,Nicaragua
"Iglesia la Recolección, 275 metros al norte, 21100 León, Nicaragua","Posada Fuente Castalia","Hotel Rooms: 9",,Independent,Nicaragua
"Final de la pista de aterrizaje, North End, 82100 Big Corn Island, Nicaragua","Ike's Place - Vientos del Norte","Hotel Rooms: 8",,Independent,Nicaragua
"Del Colegio Andres Castro 1/2 C.al Norte Las Penitas, Leon, Nicaragua, 21000 Las Peñitas, Nicaragua","Playa Roca Hotel","Hotel Rooms: 9",,Independent,Nicaragua
"Playa el Coco, 101 San Juan del Sur, Nicaragua","Parque Maritimo El Coco","Hotel Rooms: 16",,Independent,Nicaragua
"Playa Maderas-Del empalme Marsella 200 metros al norte, 48600 San Juan del Sur, Nicaragua","Casa Maderas","Hotel Rooms: 24",,Independent,Nicaragua
"De la Gasolimera Santa Ana media calle arriba, 48700 Moyogalpa, Nicaragua","Hotelito y Restaurante Aly","Hotel Rooms: 17",,Independent,Nicaragua
"De La Iglesia La Merced 1 cuadra al Oeste y media cuadra al Sur, Avenida Barricada, 43000 Granada, Nicaragua","Hotel Terrasol","Hotel Rooms: 10",,Independent,Nicaragua
"10 Calle Sur Oeste, 10000 Managua, Nicaragua","Hotel Villa Angelo","Hotel Rooms: 12",,Independent,Nicaragua
"Del Parque Central, 4 cuadras al lago, Calle La Calzada, 00505 Granada, Nicaragua","Hotel Boutique La Cigale","Hotel Rooms: 7",,Independent,Nicaragua
"Rotonda Los Encuentros, 500 metros al norte, contiguo a Restaurante RostiPollos, 60111 Chinandega, Nicaragua","Hotel Los Portales","Hotel Rooms: 31",,Independent,Nicaragua
"Costado Sur de Farallon Aquaculture de Nicaragua, 21000 Las Peñitas, Nicaragua","El Belga Loco","Hotel Rooms: 7",,Independent,Nicaragua
"Las Salinas - Tola - Rivas, 10000 Popoyo, Nicaragua","Hotel Popoyo","Hotel Rooms: 9",,Independent,Nicaragua
"Colegio Teresiano 1 cuadra al sur, 1/2 cuadra al oeste, 00505 Managua, Nicaragua","Hotel Posada Don Pantaleon","Hotel Rooms: 22",,Independent,Nicaragua
"100 M al norte del Hospital de Moyogalpa, 48700 Moyogalpa, Nicaragua","Hotel Nicaraus","Hotel Rooms: 10",,Independent,Nicaragua
"Playa Yankee, 50807 San Juan del Sur, Nicaragua","Orquidea del Sur","Hotel Rooms: 5",,Independent,Nicaragua
"Calle El Arsenal, 43000 Granada, Nicaragua","Casa Xanadu","Hotel Rooms: 5",,Independent,Nicaragua
"Del Parque San Juan 2 cuadras al Oeste 1/2 cuadra al Norte, 050-088-4 León, Nicaragua","Hotel Flor De Sarta","Hotel Rooms: 8",,Independent,Nicaragua
"Carretera hacia El Remanso, complejo Congo Hill, 48600 San Juan del Sur, Nicaragua","O´Sheas San Juan del Sur","Hotel Rooms: 3",,Independent,Nicaragua
"""El Quino"" 200 meters to north, 2.3 km. to east. Ometepe Island, Nicaragua., 48800 Altagracia, Nicaragua","San Juan de la Isla","Hotel Rooms: 19",,Independent,Nicaragua
"Del Mercado Municipal 1c. al Oeste, 10000 San Juan del Sur, Nicaragua","Barrio Cafe Hotel Restaurant Bar","Hotel Rooms: 8",,Independent,Nicaragua
"Calle El Arsenal, 050-088-4 Granada, Nicaragua","Hotel Estrada","Hotel Rooms: 7",,Independent,Nicaragua
"KM 42.5 San Marcos, Masatepe, 10000 San Marcos, Nicaragua","Hotel The Place Inn San Marcos","Hotel Rooms: 16",,Independent,Nicaragua
"Playa Guasacate, Tola, Popoyo, Nicaragua","Yalta's Inn Hotel","Hotel Rooms: 10",,Independent,Nicaragua
"Km 70 1/2 carretera Nandaime - Rivas., El Manchon, Nicaragua","Hotel Restaurante Plaza Manchon","Hotel Rooms: 40",,Independent,Nicaragua
"Km 38½ Carretera Sur, Diriamba, Nicaragua","Guardabarranco","Hotel Rooms: 16",,Independent,Nicaragua
"Frente al parque, Brig Bay, 82100 Big Corn Island, Nicaragua","Hotel Flor","Hotel Rooms: 10",,Independent,Nicaragua
"Costado Norte Casa Pellas 2 cuadras al Oeste, Estelí, Nicaragua","Hotel Mery","Hotel Rooms: 9",,Independent,Nicaragua
"Km 102 Carretera Panamericana Norte, 050-088-4 Sébaco, Nicaragua","Hotel El Valle","Hotel Rooms: 9",,Independent,Nicaragua
"km 40 1/2 carretera sur, 46300 Diriamba, Nicaragua","Eco posada Tortuga Verde","Hotel Rooms: 5",,Independent,Nicaragua
"Rotonda de los Encuentros 800 Metros Norte , 00505 Chinandega, Nicaragua","Farallones Hotel","Hotel Rooms: 41",,Independent,Nicaragua
" a few miles north of San Juan Del Sur just 150 meters from the ocean’s edge at Playa Marsella, 60111 San Juan del Sur, Nicaragua","Casa Bahia Family Adventure & Surf Hotel","Hotel Rooms: 9",,Independent,Nicaragua
"Entrada al trentino, San Ramon - Matagalpa, San Ramón, Nicaragua","HOTEL EN EL CAMPO MANA DEL CIELO","Hotel Rooms: 10",,Independent,Nicaragua
"Barrio San Luis, Calle Principal, 71000 Puerto Cabezas, Nicaragua","Hotel Caribe","Hotel Rooms: 7",,Independent,Nicaragua
"De La Colonia 1c al norte, Estelí, Nicaragua","Hotel El Meson","Hotel Rooms: 8",,Independent,Nicaragua
"Parque Infantil, 2c al oeste, 1/2c al norte, Estelí, Nicaragua","Hotel Azul De La Selva","Hotel Rooms: 8",,Independent,Nicaragua
"Km 43 Carretera Diriamba, Jinotepe, 46300 Dolores, Nicaragua","Hotel Majestic Nicaragua","Hotel Rooms: 12",,Independent,Nicaragua
"DEL PUERTO DE MOYOGALPA 1.5 KM AL SUR Y DEL PUERTO DE SAN JOSE 14 KM NORTE, Moyogalpa, Nicaragua","Hostal Dilany","Hotel Rooms: 3",,Independent,Nicaragua
"Del colegio San Jose del Sur, 400mts al lago, San José del Sur, Nicaragua","Hotel Playa Santa Martha","Hotel Rooms: 7",,Independent,Nicaragua
"Avenida de los Bancos, Frente a Lafise Bancentro, Matagalpa, Nicaragua","Arce´s Hotel","Hotel Rooms: 10",,Independent,Nicaragua
"San Ramon, Detras del Instituto Nacional de San Ramon, 050-088-4 San Ramón, Nicaragua","Hotel y Restaurante El Sueño de la Campana","Hotel Rooms: 12",,Independent,Nicaragua
"Carretera panamericana León-Chinandega, Km. 125.5, 25000 Chinandega, Nicaragua","Hotel Apastepe","Hotel Rooms: 7",,Independent,Nicaragua
"Laguna de Apoyo, Del triangulo 1200mts al sur, La Laguna, Nicaragua","Pajaro Azul","Hotel Rooms: 4",,Independent,Nicaragua
"Gasolinera Uno, 1c al oeste, 1c al sur y media al este, frente a la farmacia comunal, 00113 San Juan del Sur, Nicaragua","Beach Please Hotel","Hotel Rooms: 7",,Independent,Nicaragua
"Parque Central 350 mts al norte, 355-533-3 San Marcos, Nicaragua","Hotel Boutique Hacienda San Pedro","Hotel Rooms: 18",,Independent,Nicaragua
"reparto san juan de la entrada 400 metros al este 200 metros al norte, 43000 Granada, Nicaragua","Hotel La Fortaleza","Hotel Rooms: 30",,Independent,Nicaragua
"Del INSS 2 cuadras al este, Somoto, Nicaragua","Hotel and Spa Huaca Yaran","Hotel Rooms: 7",,Independent,Nicaragua
"Calle de los bancos, BANPRO 2 1/2 cuadra al sur., 61000 Matagalpa, Nicaragua","HOTEL MANA DEL CIELO","Hotel Rooms: 35",,Independent,Nicaragua
"Contiguo al muelle municipal, 82100 Big Corn Island, Nicaragua","Hotel Sweet Dreams","Hotel Rooms: 17",,Independent,Nicaragua
"Detras de Iglesia San Jose, Matagalpa Matagalpa, Nicaragua, Matagalpa, Nicaragua","Hotel San Jose, Matagalpa.","Hotel Rooms: 16",,Independent,Nicaragua
"Costado Sureste de catderal 2 1/2 cuadras al Sur, 31000 Estelí, Nicaragua","Hotel Moderno","Hotel Rooms: 6",,Independent,Nicaragua
"100 Beach Way , 50000 Mechapa, Nicaragua","Redwood Beach Resort","Hotel Rooms: 6",,Independent,Nicaragua
"De la terminal de buses 100m al norte sobre la carretera, 63012 Ocotal, Nicaragua","Hotel Mirador","Hotel Rooms: 25",,Independent,Nicaragua
"K 148 Carretera Panamericana, Estelí, Nicaragua","Hotel Alameda","Hotel Rooms: 20",,Independent,Nicaragua
"De la iglesia Guadalupe 1 cuadra y media al lago frente al multiestadio, Granada-Nicaragua, 43000 Granada, Nicaragua","Hotel Casa del Lago","Hotel Rooms: 5",,Independent,Nicaragua
"Frente al Parque Central , 51000 Boaco, Nicaragua","Hotel Tijerinos","Hotel Rooms: 18",,Independent,Nicaragua
"Frente La Bocana, Las Peñitas, Nicaragua","Hotelito Dulce Mareas","Hotel Rooms: 6",,Independent,Nicaragua
"Km 8.2 Moyogalpa, 10000 San José del Sur, Nicaragua","Hotel Museo El Ceibo","Hotel Rooms: 8",,Independent,Nicaragua
"De la entrada principal de Posada del Sol 700 metros al oeste y 50 metros al sur, 21000 León, Nicaragua","Grand Hotel","Hotel Rooms: 10",,Independent,Nicaragua
"Puente Arlen Siu 100 m sur / 100 m este, 11111 León, Nicaragua","Lady M Club Hotel","Hotel Rooms: 9",,Independent,Nicaragua
"Brig Bay, next to the Municipal Pier, 82100 Big Corn Island, Nicaragua","Fisher's Cave","Hotel Rooms: 14",,Independent,Nicaragua
"Escuela 50 mts Sur, 050-088-4 El Astillero, Nicaragua","Hostal Hamacas","Hotel Rooms: 8",,Independent,Nicaragua
"Iglesia La Recolección 2 cuadras al este, 21000 León, Nicaragua","Hotel Leon del Sol","Hotel Rooms: 8",,Independent,Nicaragua
"Km 43 Carretera Panamericana Sur, 300 Metros Al Norte, Dolores, Nicaragua","Dsantos Hotel Boutique","Hotel Rooms: 7",,Independent,Nicaragua
"De donde fue la Mercantil, 3 cuadras abajo, 75 varas al norte, 10000 León, Nicaragua","Hotel El Sueño de Meme","Hotel Rooms: 12",,Independent,Nicaragua
"Zona Central, de la iglesia Molaguina 75 vras al oeste., 61000 Matagalpa, Nicaragua","Hostal El Rey","Hotel Rooms: 12",,Independent,Nicaragua
"Del Muello 200 mt. al Norte 50 mt. al Sur, El castillo, Rio San Juan, El Castillo de La Concepción, Nicaragua","Hotel Lara's Planet","Hotel Rooms: 5",,Independent,Nicaragua
"Managua, semáforo mercado mayoreo 100 mts al oeste (abajo), 10000 Managua, Nicaragua","Hotel Posada de Paz Managua","Hotel Rooms: 9",,Independent,Nicaragua
"Esquina de los Bancos 50 MTS al sur - Chinandega., 54321 Chinandega, Nicaragua","Hotel Plaza Cosiguina","Hotel Rooms: 13",,Independent,Nicaragua
"Parque 1 1/2 al Oeste , 050-088-4 San Juan del Sur, Nicaragua","Hostal Brisas y Olas","Hotel Rooms: 8",,Independent,Nicaragua
"Villa Fontana, Del Club Terraza 150 Metros al Oeste, Managua, Nicaragua","Hotel Fontana","Hotel Rooms: 5",,Independent,Nicaragua
"Calle el Cementerio, 050-088-4 Granada, Nicaragua","Hotel de Calidad","Hotel Rooms: 15",,Independent,Nicaragua
"Bahía de Asese, 43000 Isletas de Granada, Nicaragua","Zopango Island","Hotel Rooms: 3",,Independent,Nicaragua
"6km from Salinas Bridge to Tola Rivas, 00884 El Gigante, Nicaragua","Punta Teonoste","Hotel Rooms: 16",,Independent,Nicaragua
"Costado este Policía Nacional, Diarimba, 000-000-0 Diriamba, Nicaragua","Hotel Mi Bohio","Hotel Rooms: 14",,Independent,Nicaragua
"Next to Playa Roca Hotel, 10000 Las Peñitas, Nicaragua","Simple Beach Lodge","Hotel Rooms: 3",,Independent,Nicaragua
"Contiguo a Oficinas de INiser, O del Colegio de las Monjas 75 vrs al Norte, Estelí, Nicaragua","Casa Hotel Santa Elena","Hotel Rooms: 11",,Independent,Nicaragua
"Playa Gigante Municipio Tola Departamento de Rivas, 70403 El Gigante, Nicaragua","Macheles Place Hotel","Hotel Rooms: 14",,Independent,Nicaragua
"de la Iglesia El Calvario, una cuadra y media al norte, León, Nicaragua","Guesthouse El Nancite","Hotel Rooms: 4",,Independent,Nicaragua
"Del Magfor media cuadra al norte, Moyogalpa, Nicaragua","Hotel Los Ranchitos","Hotel Rooms: 5",,Independent,Nicaragua
"rotonda santo domingo 5c sur 2 1/2 abajo bo la luz, 63012 Managua, Nicaragua","Hotel Ideas de Mama","Hotel Rooms: 20",,Independent,Nicaragua
"401 Calle El Arsenal, 43000 Granada, Nicaragua","Hotel de Sonrisas","Hotel Rooms: 7",,Independent,Nicaragua
"De la iglesia católica una y media al sur Contiguo al mirador, 91000 San Carlos, Nicaragua","Hotel y Restaurante Ocaso","Hotel Rooms: 7",,Independent,Nicaragua
"Calle El Caimito, de la alcaldia tres cuadras y media a lago, 18656 Granada, Nicaragua","Hotel La Posada del Sol","Hotel Rooms: 16",,Independent,Nicaragua
"Avenida principal Altamira Deste, de CONICO 1 cuadra arriba (Este) #539, 050-088-4 Managua, Nicaragua","Hotel Real Altamira","Hotel Rooms: 24",,Independent,Nicaragua
"Ferry station 1/2 block East (up), Moyogalpa, Nicaragua","American Cafe & Hotel","Hotel Rooms: 4",,Independent,Nicaragua
"Puente Palmira 1 cuadra al Este 1 cuadra al Sur 1/2 cuadra al este, 43000 Granada, Nicaragua","Hotel Casa Barcelona","Hotel Rooms: 8",,Independent,Nicaragua
"Las Peñitas Poneloya, 12345 Poneloya, Nicaragua","Hotel Suyapa Beach","Hotel Rooms: 15",,Independent,Nicaragua
"COTRAN Sur 1/2c al norte, 800 mts. al este, 00011 Estelí, Nicaragua","Apart Hotel Acuarious de Luis","Hotel Rooms: 11",,Independent,Nicaragua
"Calle Atravesada, Contiguo a Ixchen, 00011 Granada, Nicaragua","Hotel Cordoba","Hotel Rooms: 26",,Independent,Nicaragua
"Del Portón principal del hospital Militar 1c. Norte 3 c. Oeste  25 vrs Norte, 11173 Managua, Nicaragua","Hotel Posada del Angel","Hotel Rooms: 15",,Independent,Nicaragua
"la caille calzada, Granada, Nicaragua","Toritos","Hotel Rooms: 8",,Independent,Nicaragua
"De la Catedral 1/2 cuadra al norte, 21000 León, Nicaragua","Hotel Libano","Hotel Rooms: 12",,Independent,Nicaragua
"Del Almacén Sony, 1c. y 1/2 al Oeste, Estelí (Nicaragua), Estelí, Nicaragua","Casa Vínculos","Hotel Rooms: 7",,Independent,Nicaragua
"Ferreteria Rufino Gonzales 2 1/2 al Sur, 31000 Estelí, Nicaragua","Hotel Las Cornisas","Hotel Rooms: 11",,Independent,Nicaragua
"Residencial Lomas del Valle. From the East 2 blocks East and 3 blocks North, 151, 10000 Managua, Nicaragua","Hotel Lomas del Valle","Hotel Rooms: 10",,Independent,Nicaragua
"city hall 1/2 blocks east center, Granada, Nicaragua","Granada Boutique","Hotel Rooms: 8",,Independent,Nicaragua
"Hospital Salud Integral 3c al Oeste, 1c al Norte, 20 vrs al Este., 00011 Managua, Nicaragua","Hotel Xolotlan Managua","Hotel Rooms: 18",,Independent,Nicaragua
"Residencial Bolonia, Optica Vision 1c abajo, media al lago, Managua, Nicaragua","Hotel Montserrat","Hotel Rooms: 13",,Independent,Nicaragua
"Centro Médico Quirúrgico Santa Fe 75 Varas Al Este, Calle Santa Ana, 10000 Matagalpa, Nicaragua","Brisas Hotel","Hotel Rooms: 15",,Independent,Nicaragua
"Calle El Caimito, de la Alcaldia de Granada 2 1/2 Cuadras al Lago, 50884 Granada, Nicaragua","Hotel Real Destino","Hotel Rooms: 6",,Independent,Nicaragua
"Canal 2 tres cuadras Oeste 10 varas al norte, 000-000-0 Managua, Nicaragua","La Posadita de Bolonia","Hotel Rooms: 8",,Independent,Nicaragua
"Calle Real Xalteva, Iglesia la Merced 25 vrs al este, 11111 Granada, Nicaragua","Hotel Pinolero","Hotel Rooms: 6",,Independent,Nicaragua
"Calle Central Cuerpo de Bomberos 2 Al Sur., 1000 Masaya, Nicaragua","Hotel Maderas Inn","Hotel Rooms: 12",,Independent,Nicaragua
"1.5 blocks North from San Francisco Church, in front of Sports Gym, 10000 Granada, Nicaragua","Hotel il Padrino","Hotel Rooms: 9",,Independent,Nicaragua
"De la iglesia el carmen 1c al norte, 1/2c al oeste, 10000 Managua, Nicaragua","Hotel Centro Urbano","Hotel Rooms: 11",,Independent,Nicaragua
"Detras de la Iglesia Penticostes, Little Corn Island, Nicaragua","Sea View","Hotel Rooms: 12",,Independent,Nicaragua
"Catedral San Juan 1 1/2 cuadra al norte, contiguo al BAC jinotega, Jinotega, Nicaragua","Hotel y Restaurante la Casona","Hotel Rooms: 4",,Independent,Nicaragua
"Del cementerio 200 VRS al norte,1.5 km al oeste, Meson Nadi, Playa Santana, Popoyo, Nicaragua","Meson Nadi","Hotel Rooms: 6",,Independent,Nicaragua
"De la iglesia catolica(Merida) 50 metros  al norte ,300 metros al lago -Merida -Isla de Ometepe De la iglesia catolica(Merida) 50 metros  al norte ,300 metros al lago -Merida -Isla de Ometepe, Mérida, Nicaragua","Caballito's Mar","Hotel Rooms: 3",,Independent,Nicaragua
"Reparto El Carmen, Costado Oeste de la Iglesia El Carmen 75 varas al Sur, M/I, casa de 2 pisos. , 10000 Managua, Nicaragua","Hotel Asturias Nicaragua","Hotel Rooms: 10",,Independent,Nicaragua
"Via principal, 82100 Big Corn Island, Nicaragua","Sunrise Hotel","Hotel Rooms: 15",,Independent,Nicaragua
"Los Robles, Pool 8, media cuadra al sur, Frente al parque, 10000 Managua, Nicaragua","Hotel Central Park-Managua","Hotel Rooms: 20",,Independent,Nicaragua
"Del supermercado La Colonia 1 cuadra al sur, 050-088-4 Granada, Nicaragua","Hotel Los Chilamates","Hotel Rooms: 24",,Independent,Nicaragua
"Calle el Calvario 3 1/2 c al oeste, 000-000-0 Masaya, Nicaragua","Hotel Ivania´s","Hotel Rooms: 17",,Independent,Nicaragua
"Bo Central Costado Este de Catedral, Juigalpa, Nicaragua","Hotel Los Arcangeles","Hotel Rooms: 16",,Independent,Nicaragua
"Boca de Sabalos, El Castillo, Rio San Juan, 050-088-1 El Castillo de La Concepción, Nicaragua","Sabalos Lodge","Hotel Rooms: 11",,Independent,Nicaragua
"Altagracia, 000-000-0 Altagracia, Nicaragua","Hotel Finca El Chipote","Hotel Rooms: 6",,Independent,Nicaragua
"Avenida Principal Altamira, 449 Contiguo Pintura Sur ,Del BDF 1/2 cuadra al Sur, 00505 Managua, Nicaragua","Hotel Dulce Hogar & Spa","Hotel Rooms: 8",,Independent,Nicaragua
"De Plaza Inter, 1c al oeste, 00011 Managua, Nicaragua","Hotel Morgut","Hotel Rooms: 14",,Independent,Nicaragua
"Calle de Los Bancos, contiguo al MINSA, 13642 Matagalpa, Nicaragua","Hotel Casa Celebertti","Hotel Rooms: 12",,Independent,Nicaragua
"Desde el cruce Peñitas - Poneloya 900 metros al sur, 10000 Las Peñitas, Nicaragua","Bomalu","Hotel Rooms: 7",,Independent,Nicaragua
"De la esquina de los bancos 1c al este, 10000 León, Nicaragua","Hotel Los Balcones Leon","Hotel Rooms: 20",,Independent,Nicaragua
"Iglesia El Carmen 100 metros al Norte 50 metros al Oeste, Managua, Nicaragua","Hotel Vanderbilt","Hotel Rooms: 12",,Independent,Nicaragua
"PARQUE INFANTIL 1 1/2 CUADRA AL ESTE, 10000 Estelí, Nicaragua","Hotel Don Vito","Hotel Rooms: 36",,Independent,Nicaragua
"Costado Oeste del parque central, 050-088-4 Granada, Nicaragua","Hotel Alhambra","Hotel Rooms: 60",,Independent,Nicaragua
"Del Muelle San Jorge 100 metros Oeste 25 metros Sur, 050-088-4 San Jorge, Nicaragua","Hotel Hamacas","Hotel Rooms: 18",,Independent,Nicaragua
"Km. 7.5 carretera Managua a Masaya 500m al sur 100m al oeste, 050-088-4 Managua, Nicaragua","Hotel Brial Plaza","Hotel Rooms: 19",,Independent,Nicaragua
"Calle La Islita (2 blocks south and half a block east of the La Colonia supermarket), 050-088-4 Granada, Nicaragua","Hotel El Internacional","Hotel Rooms: 5",,Independent,Nicaragua
"1 Avenida Este, entre Calle Central y 1 Calle Norte, 56565 Chinandega, Nicaragua","Hotel Los Balcones de Chinandega","Hotel Rooms: 18",,Independent,Nicaragua
"Calle la Calzada, Frente a Iglesia Guadalupe, 00010 Granada, Nicaragua","Hotel Granada Nicaragua","Hotel Rooms: 46",,Independent,Nicaragua
"Frente al parque de los poetas, 43000 Granada, Nicaragua","Hotel Antigua Estación Granada","Hotel Rooms: 11",,Independent,Nicaragua
"Calle Consulado No. 315, 050-088-4 Granada, Nicaragua","Hotel Kekoldi de Granada","Hotel Rooms: 12",,Independent,Nicaragua
"Planes de Altamira del Casino Pharaohs 50 metros oeste  y 25 norte Managua, 355-533-3 Managua, Nicaragua","Hotel Colonnade Nicaragua","Hotel Rooms: 11",,Independent,Nicaragua
"Km 149 Carretera Panamericana, 050-088-4 Estelí, Nicaragua","Hotel Hex Estelí","Hotel Rooms: 49",,Independent,Nicaragua
"Colonial Los Robles, de Funeraria Monte de Los Olivos 1c norte y 1 1/2 c Oeste, #9, Managua 505, , 000-000-0 Managua, Nicaragua","Hotel Colibri","Hotel Rooms: 10",,Independent,Nicaragua
"80 Los Robles Del Registro Central De Las Personas 1 Cuadra Al Este 1/2 Al Sur, 31 calle sureste, 14006 Managua, Nicaragua","Hotel Casa De Angeles","Hotel Rooms: 6",,Independent,Nicaragua
"san juan del sur del parque central 75 vrs al sur, 48600 San Juan del Sur, Nicaragua","Hotel Encanto del Sur","Hotel Rooms: 18",,Independent,Nicaragua
"200 al Oeste del Muelle, 48100 San Jorge, Nicaragua","Hotel Dalinky","Hotel Rooms: 22",,Independent,Nicaragua
"catedral 1 cuadra al sur, 21000 León, Nicaragua","Hotel Austria","Hotel Rooms: 35",,Independent,Nicaragua
"Del Parque Arlen Siu 50 metros Sur, 21100 León, Nicaragua","Hotel Mariposa","Hotel Rooms: 9",,Independent,Nicaragua
"15 Avenida Sureste,  500 m. al sur de Villa Fontana del Club Terraza, Managua, Nicaragua","Altos de Fontana","Hotel Rooms: 15",,Independent,Nicaragua
"Sector Bolonia; CST 2C..al Sur, 1/2 c. al este M/D .#555 Managua, Nicaragua, 50884 Managua, Nicaragua","Hotel y Apartments Los Cisneros","Hotel Rooms: 20",,Independent,Nicaragua
"Calle La Calzada casa #424, Del Parque Central 3 1/2 cuadras al lago, frente el Colegio Carlos A. Bravos, 43000 Granada, Nicaragua","The Surfing Donkey - Deluxe","Hotel Rooms: 9",,Independent,Nicaragua
"carretera de guasacate, 00131 Popoyo, Nicaragua","Hotel Ola Verde","Hotel Rooms: 8",,Independent,Nicaragua
"Parque Central 100 mts al Este, 100 mts al Sur, 50 mts al este Centro Histórico Granada Calle Morazán, 43000 Granada, Nicaragua","Hotel El Familiar Granada","Hotel Rooms: 10",,Independent,Nicaragua
"Hotel La Polvora , 627 Calle La Loquera, Granada, Nicaragua","Hotel La Polvora","Hotel Rooms: 7",,Independent,Nicaragua
"De la Policinica Nicaraguense 50 vrs. al Oeste, a un costado de las Pipitos, Bolonia, 00011 Managua, Nicaragua","Executive Managua","Hotel Rooms: 15",,Independent,Nicaragua
"One block and 7 meters North of the Restaurant La Marsellaise, 46. Los Robles, 050-088-4 Managua, Nicaragua","Hostal Real - Los Robles","Hotel Rooms: 15",,Independent,Nicaragua
"Km 20.3 Carretera Masaya, Nindiri, 050-088-4 Masaya, Nicaragua","Hotel El Raizon","Hotel Rooms: 26",,Independent,Nicaragua
"141, calle Santa Lucía, 50000 Granada, Nicaragua","Hotel con Corazón","Hotel Rooms: 15",,Independent,Nicaragua
"Villa Fontana, del Club Terraza 1c.Este, 75vrs. Norte, 60111 Managua, Nicaragua","Hotel Angel Azul Managua","Hotel Rooms: 8",,Independent,Nicaragua
"Calle Real, s/n (40mts al este del Banco Banpro Sutiava), 10000 León, Nicaragua","Hotel Leon Viejo","Hotel Rooms: 8",,Independent,Nicaragua
"Calle Libertad de la Piedra Bocona,  1 Cuadra al Oeste, 050-088-4 Granada, Nicaragua","Hotel El Club","Hotel Rooms: 15",,Independent,Nicaragua
"Iglesia Catedral 1 cuadra al lago Calle la Calzada., 00505 Granada, Nicaragua","Hotel Casa San Martín","Hotel Rooms: 8",,Independent,Nicaragua
"La Islita Street, from Supermarket La Colonia 3 blocks south., 050-088-4 Granada, Nicaragua","Hotel La Mar Dulce","Hotel Rooms: 16",,Independent,Nicaragua
"De la gasolinera UNO 1 cuadra al oeste, 050-088-4 San Juan del Sur, Nicaragua","Hotel La Dolce Vita","Hotel Rooms: 6",,Independent,Nicaragua
"Reparto San Juan, Zona Hippo, 1c al sur 1c al oeste, 90000 Managua, Nicaragua","Hotel Brandts Los Robles de San Juan","Hotel Rooms: 18",,Independent,Nicaragua
"Reparto San Juan, Gimnasio Hercules 1C al sur 1/2 al este. #314, 10000 Managua, Nicaragua","Hotel Los Pinos","Hotel Rooms: 16",,Independent,Nicaragua
"Residencial Bolonia del canal 2 de TV, 75 Metros Oeste, 10000 Managua, Nicaragua","Hotel Europeo","Hotel Rooms: 33",,Independent,Nicaragua
"C/ Real Xalteva 205 contiguo a farmacia Praga, Granada, Nicaragua","Hotel Glifoos","Hotel Rooms: 7",,Independent,Nicaragua
"Calle La otra Banda, contiguo a Farmacia Santa Rosa, 43000 Granada, Nicaragua","Hotel Jardin de Granada","Hotel Rooms: 10",,Independent,Nicaragua
"Rotonda, Centro America Neighborhood , 10000	 Managua, Nicaragua","Hotel Internacional Managua","Hotel Rooms: 22",,Independent,Nicaragua
"In front of shopping mall multicentro las Americas, 000-000-0 Managua, Nicaragua","Hotel Hex","Hotel Rooms: 100",,Independent,Nicaragua
"Calle Corrales Ferreteria Datisa, 111, 050-088-4 Granada, Nicaragua","El Almirante","Hotel Rooms: 20",,Independent,Nicaragua
"Semáforos del 7 Sur 100 vrs al sur, 050-088-4 Managua, Nicaragua","Hotel Casa del Sol","Hotel Rooms: 10",,Independent,Nicaragua
"Km 11 Carretera Masaya 400Mts W, 10000 Managua, Nicaragua","Hotel Contempo","Hotel Rooms: 18",,Independent,Nicaragua
"De Restaurante El Timon 2 cuadras al norte y dos cuadras el este, 48600 San Juan del Sur, Nicaragua","Park Avenue Villas","Hotel Rooms: 12",,Independent,Nicaragua
"Car. Masaya KM.7.2 de Plaza Familiar 400 Mts al Sur Oeste, 10000 Managua, Nicaragua","Apartamentos Vistas de Santo Domingo","Hotel Rooms: 12",,Independent,Nicaragua
"5km de la entrada del Quino, Carretera Santo Domingo, Santa Cruz, Nicaragua","Hotel Finca Santo Domingo","Hotel Rooms: 16",,Independent,Nicaragua
"One block south from Hercules Gym at Reparto San Juan, 10000 Managua, Nicaragua","La Pyramide","Hotel Rooms: 10",,Independent,Nicaragua
"Calle Paseo del Rey, Del Restaurante El Timon, 150 mts al Norte, San Juan del Sur, 48600 San Juan del Sur, Nicaragua","Hotel Alcazar","Hotel Rooms: 7",,Independent,Nicaragua
"50 metres from the wharf, 82100 Little Corn Island, Nicaragua","Sunshine Hotel","Hotel Rooms: 5",,Independent,Nicaragua
"from Pescanova 50 mts south / al sur, Las Peñitas, Nicaragua","El Cardhu del Mar","Hotel Rooms: 1",,Independent,Nicaragua
"14 de Septiembre street, Firemen station, half block west, 050-088-4 Granada, Nicaragua","Hotel Casa de Alto","Hotel Rooms: 7",,Independent,Nicaragua
"Del Mercado Municipal 1 cuadra al este, 355-533-3 San Juan del Sur, Nicaragua","Hotel Royal Chateau","Hotel Rooms: 20",,Independent,Nicaragua
"Semaforo de Metrocentro, 1c al este 150 varas al norte, Managua, Nicaragua","Hotel Brandts Ejecutivo Los Robles","Hotel Rooms: 32",,Independent,Nicaragua
"Calle Corrales 525 , 48600 Granada, Nicaragua","Los Patios Hotel Granada","Hotel Rooms: 5",,Independent,Nicaragua
"Planes de Altamira 12, 050-088-4 Managua, Nicaragua","Hotel Villa Americana","Hotel Rooms: 14",,Independent,Nicaragua
"Calle El Caimito, de Alcaldia 2 1/2 c. al Lago, 44100 Granada, Nicaragua","Hotel Patio del Malinche","Hotel Rooms: 16",,Independent,Nicaragua
"caretera norte, managua, nicaragua, 11057 Managua, Nicaragua","Hostal Monte Cristi","Hotel Rooms: 6",,Independent,Nicaragua
"Avenida 14 de Septiembre, de la Iglesia La Merced 3 cuadras al Sur 2, 43000 Granada, Nicaragua","Fullmoon Hotel","Hotel Rooms: 20",,Independent,Nicaragua
"207 Calle Corral, 050-088-4 Granada, Nicaragua","Hotel Casa San Francisco","Hotel Rooms: 9",,Independent,Nicaragua
"Shipwreck Beach, 355-533-3 Big Corn Island, Nicaragua","Paraiso Beach Hotel","Hotel Rooms: 14",,Independent,Nicaragua
"Banpro 30 vrs. abajo, 43000 Granada, Nicaragua","Hotel Casa del Consulado","Hotel Rooms: 13",,Independent,Nicaragua
"KM 4.5, Carretera a Masaya, 10000 Managua, Nicaragua","Hilton Princess Managua","Hotel Rooms: 104,,",,"Hotel Chain:
Hilton Hotels & Resorts",Nicaragua
"del triangulo 200 mts al nte., Plan de la Laguna de Apoyo, 10000 La Laguna, Nicaragua","Hotel SelvAzul","Hotel Rooms: 10",,Independent,Nicaragua
"McDonalds metrocentro, una cuadra al oeste, dos cuadras al norte 25 metros al este, 10000 Managua, Nicaragua","Hotel Aloha","Hotel Rooms: 12",,Independent,Nicaragua
"Del Costado Noroeste de Catedral, 1/2 cuadra al Norte, 55555 Estelí, Nicaragua","Hotel Los Arcos","Hotel Rooms: 32",,Independent,Nicaragua
"Playa Santo Domingo, 48700 Santo Domingo, Nicaragua","Hotel Villa Paraiso","Hotel Rooms: 25",,Independent,Nicaragua
"200 mts al sureste del muelle minicipal, Little Corn Island, Nicaragua","Hotel Los Delfines","Hotel Rooms: 18",,Independent,Nicaragua
"Big Corn Island, Barrio South End en frente del Hotel Sun Rise, 000-000-0 Big Corn Island, Nicaragua","Hotel Casa Canada","Hotel Rooms: 20",,Independent,Nicaragua
"Octava Calle Sur Oeste, 101 , 3278 Managua, Nicaragua","Crowne Plaza Managua","Hotel Rooms: 140,",,"Hotel Chain:
Crowne Plaza Hotels & Resorts
",Nicaragua
"Residencial Bolonia, de INTUR 1c al sur 1c al oeste, 10000 Managua, Nicaragua","Hotel Mansion Teodolinda","Hotel Rooms: 6",,Independent,Nicaragua
"Semaforos de Villa Fontana, 400 mts al Sur, 50884 Managua, Nicaragua","Barceló Managua","Hotel Rooms: 147,",,"Hotel Chain:
Barceló Hotels & Resorts
",Nicaragua
"Calle Real frente a la Iglesia La Merced, 557-115-1 Granada, Nicaragua","Casa La Merced","Hotel Rooms: 11",,Independent,Nicaragua
"2 blocks north of Parque Las Palmas, 10000 Managua, Nicaragua","Art Hotel Managua","Hotel Rooms: 13",,Independent,Nicaragua
"Catedral 50 mts al Norte , 21000 León, Nicaragua","Best Western Las Mercedes Leon","Hotel Rooms: 20,,",,"Hotel Chain:
Best Western",Nicaragua
"Calle La Libertad 1 Cuadra al Oeste del BAC, 10000 Granada, Nicaragua","Hotel La Bocona","Hotel Rooms: 6",,Independent,Nicaragua
"Plaza España 50 mts al Sur - Malecón de Granada, 11101 Granada, Nicaragua","Hotel El Maltese","Hotel Rooms: 11",,Independent,Nicaragua
"Costado Norte, parque San Juan, 51234 León, Nicaragua","Hotel San Juan de Leon","Hotel Rooms: 19",,Independent,Nicaragua
"Ciudad Jardin, de la Clinica Santa Maria una cuadra al Oeste, 10000 Managua, Nicaragua","Hotel Don Carmelo","Hotel Rooms: 15",,Independent,Nicaragua
"Planes de Altamira Frente a Pasteleria Sampson. Casa # 76, 355-533-3 Managua, Nicaragua","Hotel Le Chateau","Hotel Rooms: 23",,Independent,Nicaragua
"Iglesia Recoleccion 1 1/2 cuadra al este., 10000 León, Nicaragua","Hotel Real Leon","Hotel Rooms: 14",,Independent,Nicaragua
"Bahia Nacascolo, 0500884 San Juan del Sur, Nicaragua","El Jardin","Hotel Rooms: 11",,Independent,Nicaragua
"Calle Obispo Ulloa, 050-008-4 Granada, Nicaragua","Hotel Xalteva","Hotel Rooms: 16",,Independent,Nicaragua
"Residencial Las Colinas 105, 10000 Managua, Nicaragua","Hotel Boutique Villa Maya","Hotel Rooms: 9",,Independent,Nicaragua
"Calle Libertad, 050-088-4 Granada, Nicaragua","Hotel Colonial Granada","Hotel Rooms: 37",,Independent,Nicaragua
"From La Merced Church 150 meters north, 00505 León, Nicaragua","Hotel la Perla Leon","Hotel Rooms: 23",,Independent,Nicaragua
"Residencial Bolonia, PriceSmart 1.5 cuadras al norte., 10000 Managua, Nicaragua","Hotel Mozonte","Hotel Rooms: 24",,Independent,Nicaragua
"Villa Fontana-Managua | Pizza Hut Villa Fontana 1c Oeste 1c Norte 1c Est, 10000 Managua, Nicaragua","Hotel RDG","Hotel Rooms: 32",,Independent,Nicaragua
"Rotonda Ruben Dario Metrocentro 1 cuadra al Sur 3 cuadras al Oeste, 050-088-4 Managua, Nicaragua","Hotel El Almendro","Hotel Rooms: 23",,Independent,Nicaragua
"Avenida Central, de la catedral (entrada principal) 2 1/2 cuadras al norte, 21100 León, Nicaragua","Hotel Azul","Hotel Rooms: 10",,Independent,Nicaragua
"Calle Atravesada, frente a Bancentro, 50309 Granada, Nicaragua","Mansion De Chocolate","Hotel Rooms: 15",,Independent,Nicaragua
"Contiguo Iglesia San Francisco, 10000 León, Nicaragua","Hotel El Convento","Hotel Rooms: 31",,Independent,Nicaragua
"Km 139 Carretera San Juan del Sur, 500 metros al  Norte, 355-533-3 San Juan del Sur, Nicaragua","Villas de Palermo Hotel and Resort","Hotel Rooms: 49",,Independent,Nicaragua
"Esquina Sureste del Parque Central de Granada., 050-088-4 Granada, Nicaragua","Hotel & Restaurante La Gran Francia","Hotel Rooms: 35",,Independent,Nicaragua
"Residencial Los Robles, contiguo a Plaza Cuba, 000-000-0 Managua, Nicaragua","Elements Hotel Boutique","Hotel Rooms: 18",,Independent,Nicaragua
"Rotonda Rubén Darío,  Del hotel Seminole 3c. al lago , 1/2c. abajo, 14003 Managua, Nicaragua","Hotel Casa Real","Hotel Rooms: 13",,Independent,Nicaragua
"In front of the Restaurant Marsellaise, 30 meters to the South of Los Robles, 10000 Managua, Nicaragua","Hotel Los Robles","Hotel Rooms: 13",,Independent,Nicaragua
"Frente a Iglesia la Merced, 00111 Granada, Nicaragua","Hotel Real La Merced","Hotel Rooms: 17",,Independent,Nicaragua
"Residencial Montechristi, 11055 Managua, Nicaragua","Airport X Managua","Hotel Rooms: 40",,Independent,Nicaragua
"Boulevard de la Mar, contiguo Edificio Claro, 050-088-4 San Juan del Sur, Nicaragua","Hotel Victoriano","Hotel Rooms: 23",,Independent,Nicaragua
"Carretera Masaya Km 8.2       , 10000 Managua, Nicaragua","Hyatt Place Managua","Hotel Rooms: 140,",,"Hotel Chain:
Hyatt Place
",Nicaragua
"Park 1.5 block south, 01009 San Juan del Sur, Nicaragua","Hotel Posada Bahia Azul","Hotel Rooms: 15",,Independent,Nicaragua
"Blvd. Jean Paul Genie, rotonda 800 mts al oeste, 50000 Managua, Nicaragua","Holiday Inn Express Managua","Hotel Rooms: 114,,",,"Hotel Chain:
Holiday Inn Express",Nicaragua
"Frente a Centro Comercial Metrocentro, 10000 Managua, Nicaragua","Real Intercontinental Metrocentro Managua","Hotel Rooms: 157,",,"Hotel Chain:
InterContinental Hotels & Resorts
",Nicaragua
"Calle De La Calzada, 43000 Granada, Nicaragua","Hotel Dario","Hotel Rooms: 22",,Independent,Nicaragua
"Frente al Parque Central, 43000 Granada, Nicaragua","Hotel Plaza Colon","Hotel Rooms: 27",,Independent,Nicaragua
