country,rooms,price,street,name,area,chain
Costa Rica,,114USD,Playa,Bahia del Sol Beach front Boutique Hotel,Potrero,
Costa Rica,,104USD,8 KM west of La Fortuna Central Off Arenal Volcano Road,Montana de Fuego Resort & Spa,La Fortuna,
Costa Rica,,157USD,"Autopista Prospero Fernandez, Calle Marginal N, Plaza Itskatzu",Courtyard San Jose Escazu,Escazu,
Costa Rica,,109USD,Calle Madrigal,Jaco Laguna Resort,Jaco,
Costa Rica,,165USD,2 km from hotel Parador entrance,Issimo Suites Adults Only,Manuel Antonio,
Costa Rica,,116USD,Playa Palo Seco,Clandestino Beach Resort,Parrita,
Costa Rica,,123USD,Carretera A Punta Quepos,SUU Manuel Antonio,Manuel Antonio,
Costa Rica,,233USD,Playa ,Hotel Capitan Suizo,Playa Langosta,
Costa Rica,,82USD,Costado Sur del Parque de la Paz,Casa Conde Hotel & Suites,San Jose,
Costa Rica,,104USD,Main Road Manuel Antonio,Hotel Plaza Yara,Quepos,
Costa Rica,,247USD,Golfo de Papagayo 1,Casa Conde Beach Front Hotel,Playa Panama,
Costa Rica,,97USD,Main St.,Coco Beach Hotel & Casino,Playas del Coco,
Costa Rica,,69USD,San Antonio De Belen,Hotel El Rodeo Country Inn,Alajuela,
Costa Rica,,31USD,500m al Sur de la Terminal de Buses de Piedades de,Hotel Posada Canal Grande,Santa Ana,
Costa Rica,,184USD,De Playa Tambor 4 km hacia Cóbano,Tango Mar Beach Resort,Tambor,
Costa Rica,,191USD,800 metros norte del Banco de Costa Rica,Croc's Casino Resort,Jaco,
Costa Rica,,75USD,75 Meters West to the entrance to the National Park,El Faro Beach Hotel,Manuel Antonio,
Costa Rica,,195USD,700 Metros Oeste De La Firestone,Costa Rica Marriott Hotel San Jose,Belen,
Costa Rica,,167USD,Near Manuel Antonio Natl Park entrance,Hotel San Bada,Manuel Antonio,
Costa Rica,,75USD,Calle Morenos | 100m West 175m South From la Contraloria,KC Hotel San Jose,San Jose,
Costa Rica,,117USD,From Herradura's stop light 2 Km on route 34 south and 1 Km to the left,Hotel Pumilio,Playa Herradura,
Costa Rica,,85USD,Avenida 3 entre calles 9 y 11 Frente al Parque Morazan,Sleep Inn Hotel Paseo Las Damas,San Jose,
Costa Rica,,66USD,2 km S. of Liberia on Int'l Highway,Hotel Las Espuelas Bar & Restaurant,Liberia,
Costa Rica,,303USD,Tambor Paquera Puntarenas,Barcelo Tambor Beach,Tambor,
Costa Rica,,89USD,"Tempo Square, next to the CIMA Hospital, Autopista Prospero Fernandez",Holiday Inn San Jose-Escazu,Escazu,
Costa Rica,,95USD,Jaco center in diagonal to Subway restaurant,Hotel Mar de Luz,Jaco,
Costa Rica,,87USD,Playa ,Pasatiempo Hotel Tamarindo,Tamarindo,
Costa Rica,,585USD,"1225 Plaza Mayor, Po Box 242",Hotel Punta Islita Autograph Collection Punta Islita,Punta Islita,
Costa Rica,,42USD,1 blk south 1 blk east of Central Park,Hotel La Fortuna,La Fortuna,
Costa Rica,,60USD,500 Mts West Of Creek La Palma Of La Fortuna,Kokoro La Selva Resort,La Fortuna,
Costa Rica,,60USD,"50 m. este y 50 m. sur del Colegio de Médicos, Sabana Sur",Rincon del Valle Hotel & Suites,San Jose,
Costa Rica,,195USD,Tamarindo Beach Santa Cruz,Jardin del Eden Boutique Hotel,Tamarindo,
Costa Rica,,55USD,"Alajuela Avenida 2, Del Teatro Municipal 200 metros al Este",Hotel La Guaria Inn & Suites,Alajuela,
Costa Rica,,234USD,1 Km Ne Del Salon El Diamante Tacacori,Xandari Resort & Spa,Alajuela,
Costa Rica,,70USD,2 Kms North from Santa Elena,Monteverde Rustic Lodge,Monteverde,
Costa Rica,,154USD,Cocles,Le Cameleon Hotel,Puerto Viejo de Talamanca,
Costa Rica,,210USD,20 Km From San Ramon San Ramon,Villa Blanca Cloud Forest Hotel and Nature Reserve,San Ramon,
Costa Rica,,76USD,Avenue Central,Best Western Hotel & Casino Kamuk,Quepos,
Costa Rica,,66USD,300 metros antes de Pipasa Carbonal arriba,Hotel Mango Valley,Grecia,
Costa Rica,,67USD,Playa ,Arco Iris Hotel Tamarindo,Tamarindo,
Costa Rica,,163USD,Del Centro De La Fortuna 4 Km,Baldi Hot Springs Hotel and Spa La Fortuna,La Fortuna,
Costa Rica,,58USD,50 Meters North From Banco Nacional ,La Sirena Hotel,Quepos,
Costa Rica,,143USD,Apdo. 760-4050,Hotel Buena Vista Alajuela,Alajuela,
Costa Rica,,88USD,3 Kms Oeste De La Iglesia,Hotel Magic Mountain,La Fortuna,
Costa Rica,,55USD,100 mts Sur y 75 mts Este de La Mandarina Barrio San Jose de Alajuela,Hotel La Rosa de America,Alajuela,
Costa Rica,,175USD,Carretera Punta Leona - Playa Mantas,Hotel Arenas Tarcoles,Tarcoles,
Costa Rica,,149USD,"50 meters East of La Sabana Park, Paseo Colon",Hotel Parque del Lago - Hotel Vivo,San Jose,
Costa Rica,,53USD,"Calle 35 Los Yoses, Entre Avenida Central Avenida",Hotel Le Bergerac,San Pedro,
Costa Rica,,101USD,Rincon de la Vieja National Park 5000,Hotel Borinquen Mountain Resort,Canas Dulces,
Costa Rica,,90USD,100 metros antes de la Playa de Manuel Antonio,Hotel Coco Beach Manuel Antonio,Manuel Antonio,
Costa Rica,,70USD,30m From Calle Bohio,Hotel Poseidon y Restaurante,Jaco,
Costa Rica,,75USD,9 km West of La Fortuna,Hotel Campo Verde,La Fortuna,
Costa Rica,,98USD,200 meters sur escuela  Playa Brasilito,Conchal Hotel,Brasilito,
Costa Rica,,91USD,"Calle Lapa Verde, 500 este de heladeria Pops",Oceano Hotel,Jaco,
Costa Rica,,100USD,6.5 Km N of the Catholic Church,Arenal Volcano Inn,La Fortuna,
Costa Rica,,62USD,"Calle 40, Avenida 5 & 7",Hotel Torremolinos San Jose,San Jose,
Costa Rica,,68USD,Playa Palo Seco,Cocomar Residences & Beachfront Hotel,Parrita,
Costa Rica,,88USD,3 KM from Huacas Intersection,Hotel Best Western Camino a Tamarindo,Tamarindo,
Costa Rica,,33USD,200 mts North from Gas Station,Hotel San Bosco,La Fortuna,
Costa Rica,,77USD,Calle Europa 20,Hotel Villa Creole Jaco,Jaco,
Costa Rica,,70USD,MANUEL ANTONIO Pacific Central Coast Pacific Central Coast,Hotel Las Tres Banderas,Quepos,
Costa Rica,,60USD,1 Kilometre East from International Airport,Berlor Airport Inn,Alajuela,
Costa Rica,,60USD,Avenue 11 Calle 5 Barrio Amon,Hotel Dunn Inn,San Jose,
Costa Rica,,199USD,Playa Carmen,Hotel Tropico Latino,Malpais,
Costa Rica,,36USD,Boulevard Rohrmoser,Colours Oasis Resort,San Jose,
Costa Rica,,95USD,4km South From Poas Volcano,Poas Lodge,Alajuela,
Costa Rica,,164USD,Second entrance to the beach in Playa Hermosa,Playa Hermosa Bosque del Mar Hotel,Playa Hermosa,
Costa Rica,,94USD,1Km Past the Monteverde Cheese Factory and 2km before the Monteverde Reserve,Hotel Fonda Vela,Monteverde,
Costa Rica,,49USD,1.5 km del Pueblo de la Fortuna de San Carlos ,Hotel Bijagua,La Fortuna,
Costa Rica,,73USD,Autopista Prospero Fernandez Costado Este Forum,Quality Hotel Real San Jose,Santa Ana,
Costa Rica,,101USD,"250 Meter South, Jaco Beach",Hotel Club del Mar,Jaco,
Costa Rica,,162USD,9km South of Dominical,Hotel Cuna del Angel,Dominical,
Costa Rica,,50USD,Calle 5 Playa ,Hotel Belvedere - Playa Samara,Samara,
Costa Rica,,64USD,San Gerardo de Dota,Savegre Hotel Natural Reserve & Spa,San Gerardo de Dota,
Costa Rica,,45USD,25 Km West from the Town,Hotel Castillo del Arenal,La Fortuna,
Costa Rica,,95USD,From Costa Rica Bank 200 Mts South and 100 Mts West,Copacabana Hotel & Suites,Jaco,
Costa Rica,,633USD,Bajos de Toro Amarillo,El Silencio Lodge,Rio Segundo,
Costa Rica,,14USD,"75 metros Sur del Parque Central de Liberia, Calle Real",Hotel Liberia,Liberia,
Costa Rica,,56USD,Behind the Church,Hotel Luz de Mono,Montezuma,
Costa Rica,,51USD,Samara Main Street,Hotel Restaurante Giada,Samara,
Costa Rica,,60USD,"Casa 22 Calle Miraflores Bosques de Dona Claudia, Ciudad Cariari",Alameda Cariari,Belen,
Costa Rica,,111USD,Puerto Viejo de Talamanca,La Costa de Papito,Puerto Viejo de Talamanca,
Costa Rica,,82USD,In Front Of Zooave - La Garita,Martino Luxury Hotel Alajuela,Alajuela,
Costa Rica,,63USD,"Carretera al Parque Nacional Manuel Antonio, 200Mts antes de la Playa Espacilla, mano izquierda",Jungle Beach Hotel,Manuel Antonio,
Costa Rica,,32USD,De Pinturas Sur 100m al Sur Casas Amarillas,Jaco Lodge,Jaco,
Costa Rica,,50USD,100 mts South from Banco Nacional,Hotel Las Colinas,La Fortuna,
Costa Rica,,88USD,"Playa Hermosa, Calle Tulin 1.5KM",Hotel Tramonto,Playa Hermosa,
Costa Rica,,54USD,175 Mts - West Of Main Entrance,Best Western El Sitio Hotel & Casino,Liberia,
Costa Rica,,19USD,500 meteres West of Drake Bay Highschool,Cabinas Manolo,Drake Bay,
Costa Rica,,90USD,Del Centro Empresarial Forum 2 150 Mts. Sur Y 50 Mts. Oeste,Hotel Indigo San Jose Forum Costa Rica,Santa Ana,
Costa Rica,,76USD,Carrillo Beach,Hotel Guanamar Carrillo,Puerto Carrillo,
Costa Rica,,69USD,100 Metros sur del Cementerio de San Antonio de Belen,La Riviera Hotel,Alajuela,
Costa Rica,,122USD,Alto de las Palomas,Alta Hotel,Santa Ana,
Costa Rica,,92USD,100m al sur de la oficina MINAE ,Hotel RipJack Inn,Playa Grande,
Costa Rica,,150USD,3 kms east of Bijagua de Upala,Celeste Mountain Lodge,Bijagua de Upala,
Costa Rica,,87USD, 300 Mts North From The Soccer Field,Otro Lado Lodge and Restaurant,Santa Teresa,
Costa Rica,,76USD,Carretera de Manuel Antonio,Hotel Mono Azul,Quepos,
Costa Rica,,121USD,Varablanca,Poas Volcano Lodge,Vara Blanca,
Costa Rica,,55USD,"Avenida 1 Calle 7, 50 metros Al Sur Del Parquet Morazan",Hotel & Casino Costa Rica Morazan,San Jose,
Costa Rica,,128USD,"Camino de Suenos 1,5 km NE del Catarata de Uvita",Oxygen Jungle Villas,Uvita,
Costa Rica,,199USD,Main Road to hotel Parador2 kilometers on Right.,Makanda by the Sea,Manuel Antonio,
Costa Rica,,33USD,Ave 11 between streets 3 and 3B,Inca Real Hotel San Jose,San Jose,
Costa Rica,,435USD,End of route 253,Andaz Peninsula Papagayo Resort,Culebra,
Costa Rica,,119USD,200 metros al este y 800 metros al norte del Banco Nacional de Tamarindo,Esplendor Tamarindo,Tamarindo,
Costa Rica,,65USD,50 mts Este del Cementerio Central ,Hotel Eskalima,Alajuela,
Costa Rica,,61USD,1 Block South Of La Fortuna School,Hotel Monte Real,La Fortuna,
Costa Rica,,65USD,Manuel Antonio Road,Hotel La Colina Manuel Antonio,Manuel Antonio,
Costa Rica,,73USD,Rancho Grande,Villa Romantica Hotel Quepos,Quepos,
Costa Rica,,96USD,"Cocal, Puntarenas",Puerto Azul Resort y Club Nautico,Puntarenas,
Costa Rica,,89USD,Playa Presciosa,Agua Dulce Beach Resort,Puerto Jimenez,
Costa Rica,,53USD,El Castillo,Hotel Linda Vista,La Fortuna,
Costa Rica,,61USD,Avenida 9 y Calle 9,Hotel Don Carlos San Jose,San Jose,
Costa Rica,,72USD,Manuel Antonio National Park,California Hotel Manuel Antonio,Manuel Antonio,
Costa Rica,,56USD,Manuel Antonio,Hotel Mimos,Quepos,
Costa Rica,,105USD,400 M Este from Costanera,DoceLunas Hotel Restaurant & Spa,Jaco,
Costa Rica,,90USD,100 meters east from The Frog Pond,Hotel Poco a Poco,Monteverde,
Costa Rica,,115USD,"Playa Azul a 5 kilometros al sur de Playa Marbella , Santa Cruz, Guanacaste",Azul Ocean Club Hotel,Playa Azul,
Costa Rica,,113USD,"100 mts Oeste, 50 mts Sur de la EntradaPrincipal del Banco Nacional de Costa Rica",Ficus Sunset Suites Hotel,Monteverde,
Costa Rica,,68USD,"Frente al Rancho Maba, el Coyol",Hotel Villa Dolce,Alajuela,
Costa Rica,,241USD,Playa ,Alma del Pacifico Hotel,Esterillos Este,
Costa Rica,,77USD,Playa Bejuco,Hotel Playa Bejuco,Bejuco,
Costa Rica,,79USD,San Isidro de Peñas Blancas San Ramon,Finca Luna Nueva Lodge,San Ramon,
Costa Rica,,41USD,200 m N de la Gasolineria ,San Bosco Inn,La Fortuna,
Costa Rica,,57USD,300 southeast of Cerro School Plan and 50 east of Hotel Lucia,Monteverde Country Lodge,Monteverde,
Costa Rica,,42USD,2 KM S Iglesia,Paradise Inn and Spa,Escazu,
Costa Rica,,48USD,Frente La Mar,Hotel Brasilito,Brasilito,
Costa Rica,,87USD,Cocles 1 5 Km al sur de puerto viejo,Cariblue Hotel,Puerto Viejo de Talamanca,
Costa Rica,,244USD,Parque Nacional Tortuguero,Evergreen Lodge Tortuguero,Tortuguero,
Costa Rica,,327USD,Playa Arenilla,Hilton Papagayo Costa Rica Resort & Spa,Playa Panama,
Costa Rica,,93USD,Golfo de Nicoya,Vista Las Islas Hotel & Spa,Paquera,
Costa Rica,,111USD,"Route 702, road San Ramon",Lands in Love Resort and Hotel La Fortuna,San Ramon,
Costa Rica,,74USD,Playa Hermosa,Fuego Del Sol Hotel Jaco,Playa Hermosa,
Costa Rica,,114USD,Cana Fistula District 3,El Sabanero Eco Lodge,Tamarindo,
Costa Rica,,69USD,"La Fortuna, San Carlos, 200 metros norte del Supermercado Pali",Hotel Colores del Arenal,La Fortuna,
Costa Rica,,60USD,"El Roble de Alajuela, 4 km Oeste del Aeropuerto Internacional Juan Santamaria",Hotel Brillasol Airport,Alajuela,
Costa Rica,,136USD,Palm Beach Estates,Hotel Bula Bula,Playa Grande,
Costa Rica,,28USD,"Avenue 6, Streets 13-15, 50 meters Northeast of the Clinic Drs. Echandi",Hotel Casa Leon,San Jose,
Costa Rica,,97USD,Costanera Highway,Hotel Villa Lapas,Tarcoles,
Costa Rica,,54USD,Calle 1ª Ave. 1ª,Hotel Catedral Casa Cornejo,Alajuela,
Costa Rica,,67USD,Playa Carrillo,Hotel Leyenda,Puerto Carrillo,
Costa Rica,,106USD,Orosi Valley,Hotel Rio Perlas Spa y Resort,Cartago,
Costa Rica,,105USD,Hwy 113 N of San Rafael,Hotel Chalet Tirol,San Rafael,
Costa Rica,,36USD,800 mts main entrance Portalon,La Palapa Resort,Matapalo,
Costa Rica,,61USD,5km al Noroeste de la Ciudad Sobre la Carretera InterAmericana,Hacienda La Pacifica,Canas,
Costa Rica,,173USD,Boulevard De Rohrmoser La Sabana,Hilton Garden Inn San Jose La Sabana,San Jose,
Costa Rica,,39USD,1.5 km oeste del parque de la fortuna sobre carretera al volcan Arenal,Hotel Vagabondo,La Fortuna,
Costa Rica,,214USD,1 Rancho Pacifico Road,Rancho Pacifico,Uvita,
Costa Rica,,61USD,De la panaderia Musmani de Santa Ana,Hotel Villa Los Candiles,Santa Ana,
Costa Rica,,84USD,"125 metros este Restaurante Marlin, playas de Manuel Antonio",Hotel Vela Bar,Manuel Antonio,
Costa Rica,,104USD,Los4 Suenos Marina Village,Hotel Balcon del Mar,Jaco,
Costa Rica,,54USD,"5 km norte de la Iglesia de Barva, Birri de Santa barbara",Hotel Monte Campana,Santa Barbara,
Costa Rica,,60USD,In Front of the Park,El Sano Banano Village Hotel,Montezuma,
Costa Rica,,145USD,PO Box 476-4005,Chachagua Rainforest Hotel & Hacienda,San Ramon,
Costa Rica,,68USD,La Marina San Carlos Noreste del centro de Ciudad Quesada,El Tucano Resort & Thermal Spa,Ciudad Quesada,
Costa Rica,,118USD,Calle a Calle Platanares,Iguana Lodge,Puerto Jimenez,
Costa Rica,,74USD,"150m, up the hill from BCR, Flamingo Beach",Estela de Fuego,Playa Flamingo,
Costa Rica,,108USD,Frente a Escuela COSI carretera a Manuel Antonio,Hotel Villas Lirio,Manuel Antonio,
Costa Rica,,101USD,Centro Comercial Pinares (frente a Walmart),Hyatt Place San Jose Pinares,Curridabat,
Costa Rica,,54USD,"Detrás de la Iglesia La Soledad, calle 11",Hotel Colonial San Jose,San Jose,
Costa Rica,,98USD,200 mts south of hotel Frank's Place,Hotel Surf The Place,Malpais,
Costa Rica,,90USD,"400 mts norte Banco Nacional,",Arenal Montechiari,La Fortuna,
Costa Rica,,137USD,400 metros del Cruce por Pacha Mama,Hotel Luna Azul,Ostional,
Costa Rica,,36USD,Main Road to La Fortuna 2 Kilometer East of Banco de Costa Rica La Fortuna de San Carlos Arenal Volcano National Park,Jardines Arenal Lodge,La Fortuna,
Costa Rica,,79USD,From el Torito community center 800 mts,Hotel Sol Samara,Samara,
Costa Rica,,185USD,1 Km W Of Country Day School,Reserva Conchal,Cabo Velas,
Costa Rica,,22USD,Costado Norte Plaza Deportes,La Casona de Tortuguero,Tortuguero,
Costa Rica,,76USD,800 mts West of the Muelle Gas Station,Tilajari Hotel Resort & Conference Center,Muelle de San Carlos,
Costa Rica,,28USD,"De torre Mercedes Benz 300 Norte, 200 Este, Calle 20 Pase colon",Hotel Quinta Avenida San Jose,San Jose,
Costa Rica,,217USD,Calle Perezoso,El Castillo Hotel,Ojochal,
Costa Rica,,67USD,Lapa Verde 10,Blue Palm Hotel,Jaco,
Costa Rica,,106USD,Antigua zona Americana ,Hotel Casa Roland Golfito,Golfito,
Costa Rica,,25USD,"100 m Sur, 25 m Oeste de la Iglesia Catolica",Cabinas Las Palmas,La Fortuna,
Costa Rica,,397USD,"200 M West from Café de Paris, Playa Giones",Harmony Hotel Nosara,Nosara,
Costa Rica,,95USD,1.5 km south of Playa Carmen,Moana Lodge Mal Pais,Malpais,
Costa Rica,,81USD,Calle Real,Hotel Luna Llena,Tamarindo,
Costa Rica,,76USD,2 Kilometros del centro de la Fortuna camino al Volcan,Hotel Vista del Cerro,La Fortuna,
Costa Rica,,98USD,300 Norte del Ice Sabana Norte,Apartotel Suites Cristina,San Jose,
Costa Rica,,283USD,Tortuguero,Manatus Hotel,Tortuguero,
Costa Rica,,61USD,Moctezuma Centro ,Hotel El Jardin Montezuma,Montezuma,
Costa Rica,,59USD,Jaco Centro,Hotel Buddha House,Jaco,
Costa Rica,,75USD,Calle Cobano,Hotel Casitas Sollevante,Montezuma,
Costa Rica,,72USD, 400 Metros Este De La Ferreteria,Lookout at Playa Tortuga,Ojochal,
Costa Rica,,68USD,"1 km West of Commercial Paco, Old Road to Santa Ana | In front of Restaurant Taj Mahal",Boutique Hotel Out Of Bounds Escazu,Escazu,
Costa Rica,,96USD,Oeste del Cruce de Cangrejal,Lodge Las Ranas,Samara,
Costa Rica,,47USD,Playa Ocotal,Hotel Villa Casa Blanca,Playas del Coco,
Costa Rica,,325USD,4 Kms al Sur de San Bernardo de Bagaces,Rio Perdido,Fortuna,
Costa Rica,,73USD,"Barrio Cantarrana, Camino Buenavista",Samara Pacific Lodge,Samara,
Costa Rica,,109USD,Forest hills,Forest Hills Suites,Playa Herradura,
Costa Rica,,59USD,50 M Al Frente Del Hotel El Establo,Manakin Lodge Monteverde Costa Rica,Monteverde,
Costa Rica,,62USD,"150 metros de la Iglesia, Calle Los Cholos",Hotel El Paraiso Escondido,Jaco,
Costa Rica,,111USD,"Hotel Coco Palms in Playas del Coco, next to soccer field",Hotel Coco Palms,Playas del Coco,
Costa Rica,,75USD,"50 mts Norte de ""gato cansado"" en la entrada del Instituto de Yoga Nosara, 700 mts sur",Green Sanctuary Hotel,Nosara,
Costa Rica,,90USD,100 metros sur del Banco Nacional de Costa rica-costado oeste del Hotel Arcoiris,Tamarindo Bay Boutique Hotel,Tamarindo,
Costa Rica,,118USD,La Virgen,Sarapiquis Rainforest Lodge,La Virgen,
Costa Rica,,58USD,"125 metros al este del periódico la República, Barrio Tournon",Hotel Villa Tournon,San Jose,
Costa Rica,,38USD,"2 Km west from La Fortuna, on the way to the Arenal Volcano",Hotel Arenal Rossi,La Fortuna,
Costa Rica,,43USD,50 mts Sur de Stanfords,The Lotus Garden Puerto Viejo de Sarapiqui,Puerto Viejo de Talamanca,
Costa Rica,,67USD, Manuel Antonio,Hotel Divisa Mar,Manuel Antonio,
Costa Rica,,104USD,"La Palma, La Fortuna",Hotel Miradas Arenal,La Fortuna,
Costa Rica,,81USD,Playa Hermosa,Hotel ManGaby,Playa Hermosa,
Costa Rica,,91USD,Playa Dominical frente al ICE,Diuwak,Dominical,
Costa Rica,,93USD,75 M East of Brunella,Nautilus Hotel Santa Teresa,Santa Teresa,
Costa Rica,,73USD,500 East 100 North Crossing Cot-Pacayas On The Irazu Volcano,Grandpa's Hotel Cartago,Cot,
Costa Rica,,77USD, Santa Elena,Cala Lodge,Monteverde,
Costa Rica,,210USD,Drake Bay,Pirate Cove,Drake Bay,
Costa Rica,,72USD,10 Km West Of Catholic Church,Hotel Lavas Tacotal,La Fortuna,
Costa Rica,,104USD,Frente Colegio Agropecuario,Hotel and Country Club Suerre,Guapiles,
Costa Rica,,125USD,Palm Beach Estates,Hotel Cantarana,Playa Grande,
Costa Rica,,59USD,200 metros Oeste de la Embajada de los Estados Unidos,Isla Verde Hotel,San Jose,
Costa Rica,,269USD,Papagayo Bay,El Mangroove Autograph Collection,Playa Panama,
Costa Rica,,105USD,"Playas del Coco, Guanacaste",Hotel Chantel,Playas del Coco,
Costa Rica,,444USD,1.5 Km Oestre de Curce Hacia Atirro De La Suiza ,Hotel Casa Turire,Turrialba,
Costa Rica,,438USD,4 kms North from Franks Place,Florblanca Resort,Santa Teresa,
Costa Rica,,348USD,Playa El Jobo El Jobo La Cruz de Guanacaste Costa Rica,Dreams Las Mareas Costa Rica,La Cruz de Guanacaste,
Costa Rica,,55USD,300 m sur del Cementerio de Sta Cruz,Hotel Guayabo Lodge,Turrialba,
Costa Rica,,63USD,"Calle 6, Santa Elena Monteverde,",Hotel Cipreses,Monteverde,
Costa Rica,,100USD,Playa Hermosa,Terraza Del Pacifico Hotel and Resort,Jaco,
Costa Rica,,41USD,"Avenida Central y Primera, Calle 14",Hotel Novo San Jose,San Jose,
Costa Rica,,45USD,Palm Beach Estates,Hotel El Manglar,Playa Grande,
Costa Rica,,14USD,100 mtrs este del Banco de Costa Rica,Tucan Hotel,Uvita,
Costa Rica,,58USD,"500 mts west of Banco Nacional Nicoya,",Hotel Samara Inn,Samara,
Costa Rica,,122USD,Playa Pan de Azucar,Hotel Sugar Beach,Potrero,
Costa Rica,,124USD,"250 mts. North of Autos Subarú, Barrio Dent Los Yoses, San Pedr",Boutique Hotel Jade,San Pedro,
Costa Rica,,145USD,3er camino izquierda Banana Azul Playa Negra,VIP Hotel Playa Negra,Puerto Viejo de Talamanca,
Costa Rica,,59USD,"Ave 9 Calle 15 Barrio Otoya, 100 m best, 125 South",Hotel Rincon De San Jose,San Jose,
Costa Rica,,111USD,Calle Perezoso,Alma de Ojochal,Ojochal,
Costa Rica,,98USD,100 metros sur 125 oeste hotel Ramada Herradura,Terrazas de Golf Boutique Hotel,Heredia,
Costa Rica,,71USD,Rohrmoser Blvd,Hotel Casa Roland San Jose,San Jose,
Costa Rica,,58USD,Samara Main Street,Hotel Samara Beach,Samara,
Costa Rica,,107USD,main road to Manuel Antonio,Tabulia Tree Hotel and Villas,Manuel Antonio,
Costa Rica,,646USD,"Uvita, Osa",Kura Design Villas,Uvita,
Costa Rica,,94USD,Calle Salguero San Roque Abajo,La Terraza Guest House Grecia,Grecia,
Costa Rica,,44USD,"300 metros al oeste del Cementerio de La Fortuna, San Carlos",Hotel Las Flores Fortuna,La Fortuna,
Costa Rica,,70USD,"Playa Negra, Paraiso",Hotel Playa Negra,Playa Negra,
Costa Rica,,67USD,"Ave. 11, Calles 13-15",Vesuvio Hotel San Jose,San Jose,
Costa Rica,,51USD,Playa ,Hotel La Laguna Del Cocodrilo,Tamarindo,
Costa Rica,,146USD,Manuel Antonio Beach,Hotel Playa Espadilla,Manuel Antonio,
Costa Rica,,70USD,Calle Las Olas,Hotel Los Ranchos,Jaco,
Costa Rica,,60USD,"Lomas de Jaco, 500 metros norte y 300 oeste de la entrada en el Boulevard",Aparthotel Vista Pacifico,Jaco,
Costa Rica,,84USD,Beside Cetal LaCatalina,La Catalina Hotel & Suites,Santa Barbara,
Costa Rica,,65USD,Half a Mile South from the Church,Arenal Country Inn,La Fortuna,
Costa Rica,,104USD,De la entrada de Bejuco 800 metros este frente a la playa Bejuco,Hotel Delfin Beach Front Resort,Bejuco,
Costa Rica,,65USD,200m Desde Rio Lajas,Hotel Celaje,Montezuma,
Costa Rica,,88USD,400 Metros Norte De La Iglesia Catolica Club Condovac,Condovac la Costa,Playa Hermosa,
Costa Rica,,61USD,Playa Buena Vista,Hotel Flying Crocodile,Samara,
Costa Rica,,79USD,"South side of the Catholic Church,",Hotel Arenal Carmela,La Fortuna,
Costa Rica,,74USD,"Main road into Playa Grande estate, 250 to Northeast from MINAE",Playa Grande Park Hotel,Playa Grande,
Costa Rica,,151USD,Apartado 86-4023 Garabito,Canciones Del Mar Hotel Jaco,Jaco,
Costa Rica,,108USD,"Avenida Primera, Calle 9",Hotel Del Rey San Jose,San Jose,
Costa Rica,,71USD,Av. 5 Entre Calle 3 y 4,Hotel Casa Alegre Posada Nena,Santa Ana,
Costa Rica,,114USD,Calle Lunatica,Hotel Blue Conga,Puerto Viejo de Talamanca,
Costa Rica,,67USD,"Carretera a Manuel Antonio, kilometro 4",Hotel Mandarina,Manuel Antonio,
Costa Rica,,65USD,Plaza Colonial Escazú,Ecoplaya Beach Resort,La Cruz de Guanacaste,
Costa Rica,,48USD,Calle 1 Cerro Plano,Hotel Forest Dreams Manakin,Monteverde,
Costa Rica,,246USD,1KM norte Residencies San Miguel; Playa San Miguel Guanacaste,Cristal Azul Hotel,Playa San Miguel,
Costa Rica,,90USD,200 mts este del banco de Costa Rica,Hotel La Casa de las Flores,Cahuita,
Costa Rica,,86USD,200 este Escuela Rafael Arguedas,Hotel Montana Monteverde Monteverde,Monteverde,
Costa Rica,,38USD,Calle 8,Hotel Don Taco,Monteverde,
Costa Rica,,45USD,"Calle 33 entre Avenida 3 y 4, Barrio Escalante",Hotel Boutique Luz de Luna,San Jose,
Costa Rica,,14USD,75 Mts East From La Fortuna Bus Stop,Hotel Mayol Lodge La Fortuna,La Fortuna,
Costa Rica,,483USD,Santa Teresa de Cobano,Latitude 10 Resort,Santa Teresa,
Costa Rica,,67USD,100 metres east of Supercompro,Villas Macondo,Tamarindo,
Costa Rica,,110USD,Del Puente Sobre El Rio Uvita 200 Mts Suroeste,Hotel Luz De Luna Uvita,Uvita,
Costa Rica,,82USD,Sarapiqui,Hotel El Bambu,Puerto Viejo de Sarapiqui,
Costa Rica,,51USD,Del Automercado de Los Yoses 75 mtrs al Oeste sobre la Avenida principal entre calles 35 y 37,Hotel Casa Las Orquideas,San Pedro,
Costa Rica,,44USD,9 Km Sw From Nuevo Arenal On Route 142,Toad Hall Hotel,Nuevo Arenal,
Costa Rica,,91USD,Mal Pais Cross,Playa Carmen Hotel,Santa Teresa,
Costa Rica,,67USD,50 Metros Norte Entrada Derecho UCR,Hotel Ave del Paraiso,San Jose,
Costa Rica,,52USD,"Playa Espadilla, Manuel Antonio. Antiguas Cabinas Piscis, contiguo a Bar Liquid.",Kacha B&B Beach Front,Manuel Antonio,
Costa Rica,,48USD,"Rotonda 1, N17 Heredia - Cariari",Puerta del Sol Hotel Heredia,Heredia,
Costa Rica,,61USD,"150 Este de Pacific Park, frente a Hotel Pasatiempo",Hotel Nahua,Tamarindo,
Costa Rica,,106USD,San Isidro de Penas Blancas,Heliconias Nature Lodge,San Ramon,
Costa Rica,,177USD,50 meters north from the Tamarindo Diria Hotel,Sunrise Condos of Tamarindo,Tamarindo,
Costa Rica,,35USD,150 Mts North of the Main Central Park,Hotel El Volcan,La Fortuna,
Costa Rica,,110USD,Manuel Antonio Beach,Cabinas Espadilla,Manuel Antonio,
Costa Rica,,38USD,"2 Km East from International Airport, Liberia Guanacaste",Hotel Santa Ana Liberia Airport,Liberia,
Costa Rica,,110USD,End of airstrip,Pelican Hotel Esterillos Este,Esterillos Este,
Costa Rica,,25USD,"Side Northwest of the Park, 300 meters West",Hotel La Choza Inn,La Fortuna,
Costa Rica,,40USD,Bahia Drake,Cabinas Pura Vida,Drake Bay,
Costa Rica,,83USD,Sarapiqui,SueA+-o Azul,Horquetas,
Costa Rica,,55USD,400 metros Norte Playa Buenavista,Hotel Paraiso del Cocodrilo,Samara,
Costa Rica,,44USD,"Second Avenue, Between 3rd and 5th Street",Hotel Mi Tierra,Alajuela,
Costa Rica,,118USD,de la municipalidad de Jaco 600 sur,Hotel South Beach,Jaco,
Costa Rica,,23USD,200 meters South of Nosara Yoga Institute & 200 meters west.,Jungle's Edge,Nosara,
Costa Rica,,92USD,Puntarenas,Heliconia Hotel Monteverde,Monteverde,
Costa Rica,,74USD,Bahía Drake en la Península de Osa,Hotel Rancho Corcovado,Drake Bay,
Costa Rica,,100USD,Calle principal hacia Playa Carrillo,Montelaguna Boutique Hotel,Puerto Carrillo,
Costa Rica,,112USD,"Cartago, Costa Rica, 1.5 km al sur de la represa de Cachi",Hotel Boutique La Casona del Cafetal,Cachi,
Costa Rica,,56USD,"Quebrada Seca, Jaco Beach",Hotel Green Jaco,Jaco,
Costa Rica,,75USD,Calle Principal,Lizard King Resort,Puerto Viejo de Talamanca,
Costa Rica,,417USD,800 West Playa Rajada,Recreo,La Cruz de Guanacaste,
Costa Rica,,49USD,"Playa Tamarindo, 100 sur del hotel Diria",Hotel Mar Rey,Tamarindo,
Costa Rica,,86USD,Avenida 3 Calle 1,Park Hotel Limon,Puerto Limon,
Costa Rica,,87USD,Calle Principal de Los Pargos,Cafe Playa Negra Restaurant & Hotel,Playa Negra,
Costa Rica,,55USD,La Paz de Rio Celeste de Guatuso,Hotel Catarata Rio Celeste,San Rafael de Guatuso,
Costa Rica,,11USD,50 metros sur y 70 este del Banco Nacional de Monteverde,Santa Elena Hostel Resort,Monteverde,
Costa Rica,,85USD,4 Km Oeste del Parque de La Fortuna,El Sueno Dorado Hotel,La Fortuna,
Costa Rica,,47USD,5 5 Km Oeste De La Entrada Del Aeropuerto,Hotel Rincon del LLano,Liberia,
Costa Rica,,95USD,17 Km. Sur de Playa Dominical - Jardines del Morete - Uvita de Osa,Whales & Dolphins Ecolodge,Dominical,
Costa Rica,,81USD,400 Sur De La Plaza De Cocles,Lanna Ban Hotel,Puerto Viejo de Talamanca,
Costa Rica,,105USD,5km al norte del cruce de Mal Pais,Hotel el Rey Patricio y Restaurante Tapas,Santa Teresa,
Costa Rica,,147USD,Playa Carrillo,Nammbu Beachfront Bungalows,Puerto Carrillo,
Costa Rica,,95USD,150 metros de la Plaza de Futbol de Santa Teresa,Disfrutalo Resort,Santa Teresa,
Costa Rica,,327USD,Next to the Airport,Crocodile Bay Resort,Puerto Jimenez,
Costa Rica,,86USD,"Carretera Carrillo, a los 5 km a la derecha fruente de la torre de ICE",The Hideaway Hotel,Puerto Carrillo,
Costa Rica,,67USD,Calle Principal Conjunto Restaurante Pangas frente al complejo el Tesoro,Los Mangos Tamarindo,Tamarindo,
Costa Rica,,57USD,Calle Boqueron,Hotel Colinas del Sol,Atenas,
Costa Rica,,96USD,2 km north of Cruce de Playa Carmen,Esencia Hotel and Villas,Santa Teresa,
Costa Rica,,72USD,Playa Negra,La Perla Negra Beach Hotel Puerto Viejo de Talamanca,Puerto Viejo de Talamanca,
Costa Rica,,151USD,"Road 142, 20 Kms West from the Dam",La Mansion Inn Arenal Cano Negro,Nuevo Arenal,
Costa Rica,,38USD,"700 metros este del Banco de Costa Rica, Fortuna, San Carlos",Hotel Villa Fortuna,La Fortuna,
Costa Rica,,215USD,700 meters North of the School,Ylang Ylang Beach Resort,Montezuma,
Costa Rica,,343USD,Central Pacific Coast,Zephyr Palace Luxury Rental Mansion,Playa Herradura,
Costa Rica,,57USD,200 Mts.oeste Del Parque De La Fortuna,Luigi's Hotel,La Fortuna,
Costa Rica,,99USD,"Sabana sur, costado este de la Contraloría General de la República, Apdo.",Costa Rica Tennis Club & Hotel,San Jose,
Costa Rica,,152USD,600 meters north of La Susanita,Hotel Villa Florencia Turrialba,Turrialba,
Costa Rica,,92USD,Laguna Penitencia,Caribbean Paradise Eco-Lodge,Tortuguero,
Costa Rica,,98USD,"Cocles, Entrada Ole Caribe 30 metros a lado",Los Continentes,Puerto Viejo de Talamanca,
Costa Rica,,53USD,Santa Elena De Monteverde,Hotel Claro De Luna,Monteverde,
Costa Rica,,49USD,2 km east of Plaza Carrillo,El Sueno Tropical,Puerto Carrillo,
Costa Rica,,72USD,"Playa Uvita, Bahia",Nido del Halcon,Uvita,
Costa Rica,,168USD,Bodhi Tree,Bodhi Tree Yoga Resort,Nosara,
Costa Rica,,59USD,"300 metros norte de ""La Lora Amarilla""",Hotel Raratonga,Santa Teresa,
Costa Rica,,77USD,1.5 sur del Parque Industrial en Cartago,Hotel y Restaurante El Guarco,El Tejar,
Costa Rica,,130USD,Calle Perezoso 15km South of Uvita de Osa,Hotel Mamma e Papa,Ojochal,
Costa Rica,,75USD,300 mts east from the Soccer Field Playa ,Villaggio Flor de Pacifico,Potrero,
Costa Rica,,90USD,Cano Negro National Wildlife Refuge,Hotel De Campo Cano Negro,Cano Negro,
Costa Rica,,244USD,Canal Principal,Aninga Lodge,Tortuguero,
Costa Rica,,73USD,200 Mt North from Restaurant Bar La Perla,Hotel Isolina Beach,Potrero,
Costa Rica,,84USD,"North Zone, La Fortuna de San Carlos",Las Cabanitas Resort,La Fortuna,
Costa Rica,,75USD,Avenida 11 Calle 3 Bis Barrio AmA3n,Taormina Hotel and Casino,San Jose,
Costa Rica,,33USD,Costado Este de la Iglesia Adventista,Miss Miriam 2,Tortuguero,
Costa Rica,,102USD,KM 16 Carretera a Bajos de Toro Amarillo,Hotel Alto Palomo,Rio Segundo,
Costa Rica,,87USD,Punta Coyete en Guanacaste,Casa Caletas Boutique Hotel Carrillo,Puerto Coyote,
Costa Rica,,547USD,"2 km Noreste de Catarata de Uvita, Uvita de Osa, Puntarenas 60504 Costa Rica",Vista Celestial,Uvita,
Costa Rica,,18USD,Santa Elena Monteverde,Pension Santa Elena,Monteverde,
Costa Rica,,67USD,700 mst norte del Liceo Canaan San Gerardo de Rivas,Hotel de Montana El Pelicano,Herradura,
Costa Rica,,33USD,Costa Ballena,Hacienda CoopeAgri,Uvita,
Costa Rica,,53USD,4 Kms Norte de Sky Walk,Vistaverde Lodge,Cano Negro,
Costa Rica,,45USD,Heredia al sur del Parque Central de Heredia,Hotel America Heredia,Heredia,
Costa Rica,,62USD,2 Km al Norte de la Plaza de Portalon,Portasol Rainforest & Ocean View Community,Matapalo,
Costa Rica,,69USD, 250 Metros Al Este De La Segunda Entrada De Playa Hermosa,Hotel & Villas Huetares,Playa Hermosa,
Costa Rica,,74USD,"KM 2, Banana Bay Marina, Casa Amarilla",Banana Bay Marina,Golfito,
Costa Rica,,136USD,"7km al Sur de Uvita, Osa Playa ",Cristal Ballena Resort Dominical,Ballena,
Costa Rica,,33USD,Playa Chiquita,Hotel Sibu,Puerto Viejo de Talamanca,
Costa Rica,,83USD,"400 Norte Cementerio la Guaria Puerto Viejo, Sarapiqui, Heredia, Costa Rica",Ara Ambigua Lodge,Puerto Viejo de Sarapiqui,
Costa Rica,,82USD,De La Fortuna 4km Camino Hacia El Volcan,Loma Real Hotel & Hotsprings,La Fortuna,
Costa Rica,,39USD,200 m south of Plaza de Deportes,Cabinas El Icaco Tortuguero - Hostel,Tortuguero,
Costa Rica,,45USD, 100 Metros Norte Del Banco Nacional,Cabinas Las Tinajas,La Fortuna,
Costa Rica,,50USD,200 sur de Stanford,Exotica Lodge,Puerto Viejo de Talamanca,
Costa Rica,,66USD,"Carretera a Parrita, 8km despues del Rio Tulin, Segunda entrada a Mano derecha",Hotel Walt Paraiso,Esterillos,
Costa Rica,,82USD,100 Meters East Main Beach Entry,Boutique Hotel Luamey,Tamarindo,
Costa Rica,,77USD,7 Kilometros Al Este Hacia Aguas Zarcas,Termales del Bosque,Ciudad Quesada,
Costa Rica,,511USD,"Playa Conchal, 1 Km Antes De P",Paradisus Playa Conchal Cabo Velas,Brasilito,
Costa Rica,,95USD,1Km from Los Angeles - Cangreja Park,Hotel Paraiso Carlisa,Parrita,
Costa Rica,,85USD,Miramar Puntarenas,Adventure Park And Hotel Vista Golfo,Miramar,
Costa Rica,,69USD,Apartado 14,Hotel Rancho Suizo Lodge,Nosara,
Costa Rica,,170USD, 300 East Of The Gas Station,Belmar Hotel Monteverde,Monteverde,
Costa Rica,,112USD,Al final de la Calle El Cocal Frente al Mar,Hotel Mango Mar,Jaco,
Costa Rica,,77USD,800 Metros Este Sjo Aeropuerto Internacional,Hotel Casa Antigua Alajuela,Alajuela,
Costa Rica,,73USD,Turrialba centro,Hotel Wagelia Turrialba,Turrialba,
Costa Rica,,77USD,150 metros al Sur de Librería Universal,Apartotel El Sesteo,San Jose,
Costa Rica,,410USD,Interamericana Sur entrada de Cajon Santa Teresa 1km al oeste San Isidro de El General San Jose CRI,AltaGracia Boutique Hacienda,Santa Teresa,
Costa Rica,,40USD,250 metros al Oeste de la Iglesia de La Fortuna,Regina Hotel La Fortuna,La Fortuna,
Costa Rica,,63USD,200 Metros Noreste De La Escuela El Pilon De Bijagua.,Posada Rio Celeste,Bijagua de Upala,
Costa Rica,,73USD,Entrance to town,Hotel Boyeros,Liberia,
Costa Rica,,121USD,Jacó Beach Municipal Palace 800 mts South,Hotel Arenal Pacifico,Jaco,
Costa Rica,,84USD,300 Meters West Of The Ice Tower,Marbella Surf Inn,Marbella,
Costa Rica,,48USD,Tortuguero,Miss Junies Lodge,Tortuguero,
Costa Rica,,75USD,San Miguel,Hotel Laguna Mar Carrillo,Playa San Miguel,
Costa Rica,,54USD,50 meters S. of the Hotel Buena Vista Las Pilas de San Isidro,Vina Romantica,Alajuela,
Costa Rica,,44USD,Punta Uva,Cabinas Selvin y Blanca,Puerto Viejo de Talamanca,
Costa Rica,,81USD,Sueño Azul Callao Salvaje,WimPen Sueno-Azul,Horquetas,
Costa Rica,,66USD,Del centro de las Fortuna 2 km Carretera desviacion a la izquierda hacia el volcan ,Catarata Eco Lodge,La Fortuna,
Costa Rica,,86USD,"175 mts norte del Banco Nacional, La Fortuna de San Carlos.",Hotel Arenal Rabfer La Fortuna,La Fortuna,
Costa Rica,,87USD,200 Meters North and 100 East of McDonaldsPerez Zeledon,BEST WESTERN Hotel Zima,San Isidro de El General,
Costa Rica,,115USD,300 m Este 350 m Sur de la Cancha de Futbol de Cocles,Hotel Bugabutik,Puerto Viejo de Talamanca,
Costa Rica,,64USD,3 Km Sobre La Calle Vieja A La Barca,Hotel Cerro Lodge,Tarcoles,
Costa Rica,,194USD,3219 West Brigantine Ave,Villa Del Sol & Casa Dos Palmas,Nosara,
Costa Rica,,82USD,Playa Guiones,Sunset Shack Hotel,Nosara,
Costa Rica,,96USD,284 Hermosa Beach Rd,The Backyard Hotel,Playa Hermosa,
Costa Rica,,79USD,"Playas del Coco , 25 mts North from Tico's Bakery",Hotel Savannah Playas del Coco,Playas del Coco,
Costa Rica,,65USD,Manuel Antonio National Park,Divisamar Hotel & Casino,Manuel Antonio,
Costa Rica,,58USD,Residencial Jaco Sol 5 detras de Plaza Coral,Monte Campana Jaco,Jaco,
Costa Rica,,112USD,275 M Sw 90 M Se Del Bcr,Mavi Surf Hotel Dominical,Dominical,
Costa Rica,,65USD,Playa Brasilito,Hotel Nany,Brasilito,
Costa Rica,,87USD,100 metros antes de la entrada al Parque Nacional Manuel Antonio.,Hotel Villabosque,Manuel Antonio,
Costa Rica,,89USD,"700 Este, 50 Norte de la Catedral",Legacy Boutique Hotel,Ciudad Quesada,
Costa Rica,,12USD,400 Mts Sureste Supercompro,Monteverde Paraiso,Monteverde,
Costa Rica,,255USD,Centro De Flamingo,Flamingo Marina Resort Potrero,Playa Flamingo,
Costa Rica,,50USD,"Playa Tamarindo, A La Par Mapache Rent A Car - Tamarindo ",Hotel Pueblo Dorado,Tamarindo,
Costa Rica,,42USD,Liberia guanacaste,Hotel La Arena,Liberia,
Costa Rica,,88USD,"1 km north of the Playa Carmen cross roads , in front of the superfresco",Hotel Atrapasuenos,Santa Teresa,
Costa Rica,,22USD,100 meters Norte Soda Tranquilo,Coloso del Mar,Zancudo,
Costa Rica,,30USD,525 Sur De La Escuela De Guatuso,Cabinas los Almendros San Rafael de Guatuso,San Rafael de Guatuso,
Costa Rica,,55USD,Calle Papagayo s n,Diquis Del Sur,Ojochal,
Costa Rica,,65USD,200m antes de la entra principal a Puerto Viejo,Pizote Lodge,Puerto Viejo de Talamanca,
Costa Rica,,62USD,1.6 kms southeast from Z13,Brisas Arenal Hotel,La Fortuna,
Costa Rica,,56USD,"1,5 km del cruce de Nicoya carretera hacia Santa Cruz",Hotel El Regalo,Nicoya,
Costa Rica,,126USD,Nosara,Living Hotel Nosara,Nosara,
Costa Rica,,78USD,"4 Km del Centro de Quepos, Carretera Al Hospital",Layla Resort,Quepos,
Costa Rica,,77USD,Birri,Hotel el Portico,Barva,
Costa Rica,,32USD,Santa Teresa,Beach Break Surf Hotel,Santa Teresa,
Costa Rica,,84USD,200 meters north of Wilson Botanical Gardens,Cascata Del Bosco Cabinas,San Vito,
Costa Rica,,19USD,Av Ctl C 21 Y 23,Hotel Bristol San Jose,San Jose,
Costa Rica,,101USD,Playa Junquillal,Hotel Tatanka,Playa Negra,
Costa Rica,,130USD,"Sobre la Avenida Pastor Diaz, 500 mts Sur de la terminal de buses",Hotel & Villas Tangeri,Jaco,
Costa Rica,,143USD,"Playa Carrillo, Guanacasta",Hacienda Del Mar Guanacaste,Puerto Carrillo,
Costa Rica,,105USD,Carretera de Finca Anita,Blue Banyan Inn,Quepos,
Costa Rica,,416USD,50 m Norte Mariposario,Sortisomnis,Ciudad Cortes,
Costa Rica,,49USD,200 Mts North From La Fortuna Hospital,Hotel Secreto La Fortuna,La Fortuna,
Costa Rica,,65USD,350 Metros al Norte del Hospital Nacional de Niños Entre Avenida 3 y 5 Calle 20,Hotel Boutique Calle 20,San Jose,
Costa Rica,,227USD,Playa Herradura,HRG Condos at Los Suenos,Playa Herradura,
Costa Rica,,103USD,50 M Oeste Y 25 M Norte De Supercompro,Hotel Colono Beach,Playas del Coco,
Costa Rica,,70USD,Quepos 200 metros al Sur del,Casa Paz de Paraiso,Manuel Antonio,
Costa Rica,,216USD,Avenida Pastor Diaz Plaza Coral,Best in Jaco Beach Front Luxury Condos,Jaco,
Costa Rica,,47USD,3 Kilometros De Nuevo Arenal Carretera A Tilaran,Establo Arenal,Nuevo Arenal,
Costa Rica,,111USD,"100 Meters before Flor Blanca Resort, Santa Teresa, Puntarenas.",Red Palm Villas Beachfront Resort,Santa Teresa,
Costa Rica,,39USD,Palmar Sur,Hotel Oleaje Sereno,Drake Bay,
Costa Rica,,112USD,"Playa Chiquita, frente al restaurante Alice, Puerto Viejo",El Nido Cabinas Resort,Puerto Viejo de Talamanca,
Costa Rica,,88USD,75 metros al sur de la oficina de MINAE,Hotel Rip Jack Inn,Playa Grande,
Costa Rica,,71USD,Platanillo de Baru,Natuga Ecolodge and Natural Reserve,Dominical,
Costa Rica,,80USD,Paseo Colón witin 28 y 30,Hotel Rosa del Paseo,San Jose,
Costa Rica,,49USD,"Los Yoses, San Pedro",Hotel Casa Cambranes,San Pedro,
Costa Rica,,84USD,"Matapalo beach road 2km north Puerto Viejo, Conchal",Finca Buena Fuente Residence Hotel,Cabo Velas,
Costa Rica,,84USD,"Kilometro 2, avenida principal. Golfito",Fish Hook Marina Hotel,Golfito,
Costa Rica,,241USD,Los Sueños Resort Marina,Los Suenos Resort & Marina,Playa Herradura,
Costa Rica,,66USD,350 metros sureste de la escuela Rafael Arguedas,Hotel Jardines De Monte Verde,Monteverde,
Costa Rica,,56USD,Avenida 8 y calle 31,Hotel Le Voltaire San Jose,San Jose,
Costa Rica,,176USD,"Across From the Potrero Soccer Field, Potrero 50309",Casa del Sol Condominium,Potrero,
Costa Rica,,67USD,"Diagonal Estacion de Servicio Paso Real, Perez Zeledon, Costa Rica",Hotel del Sur San Isidro de El General,San Isidro de El General,
Costa Rica,,90USD,Playa Cocles,Yare Hotel,Puerto Viejo de Talamanca,
Costa Rica,,80USD,La Virgen de Sarapiqui,Hacienda Pozo Azul,La Virgen,
Costa Rica,,93USD,"2km del centro de la Fortuna en San Carlos, carretera a la catarata la fortuna",Cascada de Fuego,La Fortuna,
Costa Rica,,47USD,"Tarcoles, En Frente De La Iglesia Catolica",Hotel Carara,Tarcoles,
Costa Rica,,97USD,Parque Nacional Ballena,Hotel Bahia Azul Ballena,Uvita,
Costa Rica,,73USD,"Barrio orquideas, Santa Elena, Monteverde",Hotel El Amanecer,Monteverde,
Costa Rica,,71USD,2km al este de este de Guayabo de Bagaces,Las Colinas del Miravalles,Fortuna,
Costa Rica,,129USD,750 metros Norte del Cruce de Mal Pais y Santa Teresa. Residencial Las Villas (formerly Luz de Vida),Santa Teresa Bungalows,Santa Teresa,
Costa Rica,,120USD,Puntarenas,LagunaVista Villas,Carate,
Costa Rica,,700USD,200 Meters South of the Jinetes de Osa Hotel in Drake Bay,Drake Bay Getaway Resort,Drake Bay,
Costa Rica,,677USD,La Palma Carretera 142,Nayara Springs Adults Only,La Fortuna,
Costa Rica,,33USD,Bijagua Centro,Hotel Los Volcanes,Bijagua de Upala,
Costa Rica,,33USD,Frente al campo de futbol en Tortuguero,Cabinas Miss Miriam 1,Tortuguero,
Costa Rica,,59USD,700 meters up road to fortuna waterfall La Fortuna San Carlos 21007 Costa Rica,Cabinas La Catarata,La Fortuna,
Costa Rica,,29USD,Frente materiales la costa 450 metros,Hospedaje Tortuga,Ojochal,
Costa Rica,,51USD,"Garavito, Playa Jaco, 25 Este y 50 Noreste de Pops",Hotel Oasis Jaco,Jaco,
Costa Rica,,84USD,Main Street,Fish Hook Marina & Lodge,Golfito,
Costa Rica,,44USD,Playa Agujas 500 m norte,Villas Majolana,Tarcoles,
Costa Rica,,52USD,Av la marina cariari,Hotel Vista de Golf,Belen,
Costa Rica,,142USD,100 Metros Del Instituto Espanol Wayra Calle Este,Villa Nautilus Tamarindo,Tamarindo,
Costa Rica,,95USD,Del Mar Academy,Surf Bikini Retreat,Nosara,
Costa Rica,,66USD,Finca Los Jobos,Dreamsea Surf Camp Costa Rica,Tamarindo,
Costa Rica,,101USD,Calle principal Avellanas,Hotel Mauna Loa,Tamarindo,
Costa Rica,,61USD,"26Th & 28Th St., Paseo Colon",Hotel Ambassador San Jose,San Jose,
Costa Rica,,65USD,Calles 28-30 Ave 3 Bis o 300 Norte Pizza Hut Paseo Colon,Hotel Cacts,San Jose,
Costa Rica,,200USD,Frente a Escuela Santa Margarita Rosario,Hotel High Dreams,El Rosario de Naranjo,
