Item,Category
22717,Spirit
23144,Spirit
31612,Spirit
17483,Spirit
12237,Spirit
17092,Spirit
11127,Spirit
14331,Spirit
15849,Spirit
12660,Spirit
19695,Spirit
32650,Spirit
10041,Spirit
27135,Spirit
14446,Spirit
21603,Spirit
17627,Spirit
18103,Spirit
12598,Spirit
13288,Spirit
20484,Spirit
23044,Spirit
23189,Spirit
33968,Spirit
25258,Spirit
24737,Spirit
25214,Spirit
20777,Spirit
32043,Spirit
19122,Spirit
30953,Spirit
34524,Spirit
32280,Spirit
12949,Spirit
1791,Spirit
23042,Spirit
20731,Spirit
13819,Spirit
10193,Spirit
17486,Spirit
20676,Spirit
12220,Spirit
34096,Spirit
10341,Spirit
12294,Spirit
15293,Spirit
24226,Spirit
16604,Spirit
28075,Spirit
20469,Spirit
25181,Spirit
12558,Spirit
10692,Spirit
36145,Spirit
16185,Spirit
24992,Spirit
20675,Spirit
25259,Spirit
25061,Spirit
28673,Spirit
32980,Spirit
14350,Spirit
3983,Spirit
22718,Spirit
16236,Spirit
3205,Spirit
20454,Spirit
17307,Spirit
25262,Spirit
11129,Spirit
25215,Spirit
15947,Spirit
16793,Spirit
12340,Spirit
12226,Spirit
18115,Spirit
19196,Spirit
17629,Spirit
23454,Spirit
23769,Spirit
34030,Spirit
16571,Spirit
25216,Spirit
6339,Spirit
1938,Spirit
23180,Spirit
18793,Spirit
8490,Spirit
35749,Spirit
12987,Spirit
3292,Spirit
10012,Spirit
16229,Spirit
20683,Spirit
36190,Spirit
23961,Spirit
17480,Spirit
11015,Spirit
30970,Spirit
5552,Spirit
30738,Spirit
18846,Spirit
15592,Spirit
20787,Spirit
6472,Spirit
32649,Spirit
20663,Spirit
4923,Spirit
35105,Spirit
17210,Spirit
24697,Spirit
30748,Spirit
16131,Spirit
22807,Spirit
4499,Spirit
23041,Spirit
24302,Spirit
18618,Spirit
11655,Spirit
27471,Spirit
20311,Spirit
23146,Spirit
30933,Spirit
26864,Spirit
6102,Spirit
15124,Spirit
12359,Spirit
30467,Spirit
6112,Spirit
9384,Spirit
14565,Spirit
14363,Spirit
26172,Spirit
12290,Spirit
23962,Spirit
13290,Spirit
17673,Spirit
25745,Spirit
5782,Spirit
11012,Spirit
23857,Spirit
21608,Spirit
32256,Spirit
28585,Spirit
24255,Spirit
27393,Spirit
31565,Spirit
21967,Spirit
26987,Spirit
24137,Spirit
1514,Spirit
21433,Spirit
22023,Spirit
23145,Spirit
28048,Spirit
13850,Spirit
15782,Spirit
11183,Spirit
12293,Spirit
29348,Spirit
3008,Spirit
5790,Spirit
19132,Spirit
13894,Spirit
731,Spirit
12868,Spirit
10001,Spirit
16668,Spirit
27448,Spirit
12118,Spirit
12555,Spirit
28706,Spirit
16226,Spirit
13638,Spirit
12239,Spirit
31720,Spirit
14647,Spirit
25058,Spirit
33359,Spirit
27416,Spirit
20662,Spirit
22980,Spirit
4180,Spirit
26096,Spirit
10793,Spirit
23699,Spirit
22979,Spirit
13372,Spirit
732,Spirit
12238,Spirit
11552,Spirit
21135,Spirit
22721,Spirit
24369,Spirit
23470,Spirit
2329,Spirit
15903,Spirit
28705,Spirit
1703,Spirit
19619,Spirit
8933,Spirit
22810,Spirit
15954,Spirit
25904,Spirit
22574,Spirit
4682,Spirit
19548,Spirit
16259,Spirit
12291,Spirit
24868,Spirit
12458,Spirit
4299,Spirit
12040,Spirit
20687,Spirit
18570,Spirit
13847,Spirit
14341,Spirit
17541,Spirit
12643,Spirit
24886,Spirit
22575,Spirit
22978,Spirit
24371,Spirit
18845,Spirit
23457,Spirit
6607,Spirit
23187,Spirit
1750,Spirit
13006,Spirit
22025,Spirit
17592,Spirit
14713,Spirit
12329,Spirit
26657,Spirit
25743,Spirit
9761,Spirit
457,Spirit
13506,Spirit
14014,Spirit
1495,Spirit
5836,Spirit
26240,Spirit
1305,Spirit
17684,Spirit
14398,Spirit
16815,Spirit
21968,Spirit
23366,Spirit
20466,Spirit
7899,Spirit
9710,Spirit
18844,Spirit
21027,Spirit
21341,Spirit
16885,Spirit
1143,Spirit
14444,Spirit
9831,Spirit
5318,Spirit
23364,Spirit
864,Spirit
17775,Spirit
18256,Spirit
6889,Spirit
2492,Spirit
23182,Spirit
32044,Spirit
26307,Spirit
18573,Spirit
12124,Spirit
23060,Spirit
13782,Spirit
2765,Spirit
34553,Spirit
11139,Spirit
23700,Spirit
31609,Spirit
32636,Spirit
4685,Spirit
23763,Spirit
22024,Spirit
25266,Spirit
10011,Spirit
26870,Spirit
18236,Spirit
37652,Spirit
8893,Spirit
25150,Spirit
5192,Spirit
446,Spirit
10218,Spirit
10777,Spirit
19696,Spirit
31596,Spirit
22216,Spirit
9687,Spirit
15904,Spirit
25694,Spirit
14318,Spirit
21121,Spirit
12428,Spirit
19899,Spirit
32648,Spirit
17290,Spirit
7657,Spirit
7144,Spirit
19480,Spirit
25796,Spirit
20840,Spirit
26503,Spirit
28720,Spirit
3889,Spirit
4487,Spirit
31785,Spirit
19323,Spirit
17625,Spirit
18262,Spirit
20254,Spirit
15200,Spirit
11215,Spirit
24738,Spirit
29486,Spirit
24312,Spirit
26982,Spirit
31786,Spirit
23186,Spirit
10686,Spirit
16572,Spirit
19133,Spirit
10696,Spirit
28690,Spirit
20841,Spirit
21780,Spirit
23455,Spirit
12221,Spirit
13289,Spirit
21151,Spirit
15448,Spirit
2836,Spirit
12708,Spirit
12123,Spirit
26650,Spirit
11632,Spirit
14317,Spirit
10008,Spirit
25240,Spirit
11128,Spirit
15253,Spirit
13491,Spirit
15565,Spirit
3236,Spirit
10089,Spirit
4156,Spirit
38227,Spirit
18868,Spirit
28627,Spirit
10879,Spirit
17043,Spirit
12962,Spirit
9796,Spirit
15563,Spirit
36153,Spirit
25968,Spirit
35346,Spirit
10685,Spirit
8039,Spirit
10689,Spirit
21966,Spirit
12211,Spirit
23693,Spirit
21886,Spirit
12597,Spirit
27652,Spirit
4966,Spirit
12282,Spirit
4651,Spirit
21969,Spirit
14280,Spirit
12690,Spirit
13394,Spirit
8519,Spirit
28481,Spirit
25665,Spirit
15081,Spirit
2385,Spirit
3759,Spirit
4661,Spirit
16336,Spirit
25152,Spirit
5722,Spirit
22486,Spirit
97,Spirit
36143,Spirit
11100,Spirit
16779,Spirit
12292,Spirit
11818,Spirit
960,Spirit
31591,Spirit
13585,Spirit
1400,Spirit
4367,Spirit
11991,Spirit
29971,Spirit
18792,Spirit
13765,Spirit
24902,Spirit
14441,Spirit
30004,Spirit
12629,Spirit
1385,Spirit
4806,Spirit
27505,Spirit
19276,Spirit
11990,Spirit
8120,Spirit
4598,Spirit
17045,Spirit
10473,Spirit
18111,Spirit
12209,Spirit
33358,Spirit
26833,Spirit
11646,Spirit
22617,Spirit
17017,Spirit
12647,Spirit
12951,Spirit
14558,Spirit
13358,Spirit
4639,Spirit
18166,Spirit
32282,Spirit
9387,Spirit
18237,Spirit
24888,Spirit
16801,Spirit
36224,Spirit
25426,Spirit
9521,Spirit
17558,Spirit
24113,Spirit
19429,Spirit
24885,Spirit
11765,Spirit
13626,Spirit
12091,Spirit
22839,Spirit
5726,Spirit
23954,Spirit
12413,Spirit
10690,Spirit
19130,Spirit
16217,Spirit
20843,Spirit
31611,Spirit
22751,Spirit
3488,Spirit
10014,Spirit
25263,Spirit
4368,Spirit
28794,Spirit
28802,Spirit
29103,Spirit
18645,Spirit
15889,Spirit
1040,Spirit
17628,Spirit
27113,Spirit
27450,Spirit
3845,Spirit
23767,Spirit
12212,Spirit
22762,Spirit
20560,Spirit
18659,Spirit
17144,Spirit
19748,Spirit
25425,Spirit
23434,Spirit
30236,Spirit
4638,Spirit
25254,Spirit
2446,Spirit
18257,Spirit
21179,Spirit
2803,Spirit
21521,Spirit
18100,Spirit
25479,Spirit
35367,Spirit
24821,Spirit
29131,Spirit
34040,Spirit
12104,Spirit
3221,Spirit
20686,Spirit
13740,Spirit
17563,Spirit
32017,Spirit
28531,Spirit
27005,Spirit
25095,Spirit
13566,Spirit
5571,Spirit
19163,Spirit
1160,Spirit
24313,Spirit
17482,Spirit
25287,Spirit
14353,Spirit
10013,Spirit
14723,Spirit
25480,Spirit
26617,Spirit
28691,Spirit
28324,Spirit
16532,Spirit
36202,Spirit
17853,Spirit
28867,Spirit
18032,Spirit
12681,Spirit
27740,Spirit
13551,Spirit
13979,Spirit
27470,Spirit
26648,Spirit
16272,Spirit
20465,Spirit
27492,Spirit
13283,Spirit
15632,Spirit
27498,Spirit
10699,Spirit
18254,Spirit
22650,Spirit
9316,Spirit
17484,Spirit
1943,Spirit
24452,Spirit
34032,Spirit
21893,Spirit
19563,Spirit
15729,Spirit
16570,Spirit
27392,Spirit
11014,Spirit
12513,Spirit
28079,Spirit
37726,Spirit
29972,Spirit
26695,Spirit
4826,Spirit
35102,Spirit
25444,Spirit
11123,Spirit
18176,Spirit
16785,Spirit
28325,Spirit
19273,Spirit
36229,Spirit
6591,Spirit
34375,Spirit
17213,Spirit
27117,Spirit
15595,Spirit
8041,Spirit
18225,Spirit
10410,Spirit
18794,Spirit
2087,Spirit
34041,Spirit
23766,Spirit
16114,Spirit
25275,Spirit
13406,Spirit
11577,Spirit
25985,Spirit
23371,Spirit
30952,Spirit
8119,Spirit
25325,Spirit
18054,Spirit
35509,Spirit
6470,Spirit
5724,Spirit
3570,Spirit
24367,Spirit
14705,Spirit
8040,Spirit
19370,Spirit
10884,Spirit
22668,Spirit
99,Spirit
21955,Spirit
9388,Spirit
17795,Spirit
18104,Spirit
28689,Spirit
16126,Spirit
27950,Spirit
10018,Spirit
20842,Spirit
31723,Spirit
24909,Spirit
18255,Spirit
9385,Spirit
21904,Spirit
2529,Spirit
28323,Spirit
15946,Spirit
19113,Spirit
11174,Spirit
24619,Spirit
35384,Spirit
163,Spirit
5593,Spirit
13018,Spirit
21885,Spirit
19123,Spirit
18229,Spirit
12041,Spirit
10301,Spirit
23807,Spirit
27165,Spirit
23439,Spirit
19334,Spirit
7363,Spirit
12646,Spirit
23472,Spirit
28322,Spirit
21982,Spirit
20864,Spirit
10528,Spirit
24614,Spirit
27572,Spirit
16675,Spirit
3424,Spirit
22919,Spirit
21963,Spirit
30237,Spirit
12691,Spirit
35387,Spirit
37258,Spirit
33969,Spirit
34432,Spirit
28486,Spirit
24889,Spirit
14146,Spirit
6187,Spirit
27108,Spirit
21891,Spirit
9386,Spirit
14096,Spirit
19481,Spirit
7314,Spirit
9484,Spirit
15956,Spirit
28532,Spirit
12004,Spirit
18228,Spirit
18171,Spirit
20766,Spirit
14252,Spirit
8882,Spirit
3478,Spirit
25151,Spirit
15524,Spirit
26734,Spirit
21884,Spirit
15277,Spirit
18315,Spirit
12639,Spirit
6683,Spirit
27706,Spirit
18175,Spirit
26598,Spirit
8335,Spirit
35080,Spirit
19773,Spirit
2033,Spirit
26866,Spirit
19485,Spirit
26224,Spirit
28749,Spirit
28055,Spirit
4374,Spirit
18931,Spirit
16760,Spirit
31605,Spirit
10261,Spirit
26678,Spirit
20034,Spirit
21962,Spirit
6341,Spirit
3001,Spirit
24329,Spirit
19468,Spirit
19914,Spirit
17715,Spirit
13210,Spirit
19607,Spirit
36130,Spirit
12551,Spirit
7875,Spirit
5326,Spirit
32981,Spirit
25366,Spirit
388,Spirit
18530,Spirit
1194,Spirit
24366,Spirit
12595,Spirit
34952,Spirit
31958,Spirit
28274,Spirit
5145,Spirit
16082,Spirit
24613,Spirit
14746,Spirit
22753,Spirit
4648,Spirit
6692,Spirit
17700,Spirit
27254,Spirit
20276,Spirit
21892,Spirit
25424,Spirit
3823,Spirit
5567,Spirit
13508,Spirit
1667,Spirit
12037,Spirit
21970,Spirit
17704,Spirit
16521,Spirit
1825,Spirit
19870,Spirit
26222,Spirit
25658,Spirit
20059,Spirit
27624,Spirit
15955,Spirit
12225,Spirit
18619,Spirit
11555,Spirit
232,Spirit
18152,Spirit
22027,Spirit
34044,Spirit
11554,Spirit
27739,Spirit
3893,Spirit
27472,Spirit
2886,Spirit
5689,Spirit
10367,Spirit
18112,Spirit
23061,Spirit
1068,Spirit
28080,Spirit
26103,Spirit
24991,Spirit
25368,Spirit
27888,Spirit
25133,Spirit
11408,Spirit
6929,Spirit
24993,Spirit
4418,Spirit
25483,Spirit
15886,Spirit
34595,Spirit
10515,Spirit
8924,Spirit
1399,Spirit
23181,Spirit
12992,Spirit
35371,Spirit
25279,Spirit
9741,Spirit
27612,Spirit
2029,Spirit
18501,Spirit
21958,Spirit
5334,Spirit
14259,Spirit
10079,Spirit
19907,Spirit
29473,Spirit
866,Spirit
25256,Spirit
13578,Spirit
28553,Spirit
23456,Spirit
35698,Spirit
1020,Spirit
18243,Spirit
1788,Spirit
11521,Spirit
33299,Spirit
26056,Spirit
1047,Spirit
25149,Spirit
12336,Spirit
18233,Spirit
26767,Spirit
21520,Spirit
23471,Spirit
31575,Spirit
35099,Spirit
18141,Spirit
8062,Spirit
11234,Spirit
16095,Spirit
26702,Spirit
19265,Spirit
23372,Spirit
6105,Spirit
12694,Spirit
27573,Spirit
20314,Spirit
25693,Spirit
21018,Spirit
19953,Spirit
17936,Spirit
23090,Spirit
1751,Spirit
1752,Spirit
17562,Spirit
17758,Spirit
26677,Spirit
642,Spirit
19944,Spirit
21938,Spirit
24817,Spirit
6365,Spirit
3531,Spirit
15899,Spirit
34558,Spirit
8151,Spirit
18056,Spirit
13285,Spirit
10881,Spirit
27342,Spirit
25669,Spirit
23606,Wine
20429,Wine
18975,Wine
18673,Wine
11631,Wine
34608,Wine
16808,Wine
,Wine
2895,Wine
18559,Wine
13880,Wine
16299,Wine
17708,Wine
15357,Wine
33617,Wine
15435,Wine
11966,Wine
21189,Wine
13119,Wine
29919,Wine
2582,Wine
24995,Wine
21816,Wine
11644,Wine
12799,Wine
19374,Wine
31160,Wine
21814,Wine
4635,Wine
22501,Wine
31156,Wine
10538,Wine
11485,Wine
8444,Wine
22865,Wine
23828,Wine
15785,Wine
766,Wine
6638,Wine
25395,Wine
15469,Wine
14308,Wine
13073,Wine
12778,Wine
35873,Wine
15284,Wine
22512,Wine
13580,Wine
21111,Wine
13393,Wine
34605,Wine
13048,Wine
5895,Wine
14502,Wine
7714,Wine
14307,Wine
16086,Wine
19826,Wine
28330,Wine
23605,Wine
26482,Wine
17012,Wine
9556,Wine
10967,Wine
18970,Wine
11343,Wine
29921,Wine
15428,Wine
30334,Wine
11643,Wine
16988,Wine
36630,Wine
9214,Wine
24570,Wine
2158,Wine
6387,Wine
34289,Wine
21817,Wine
16824,Wine
30358,Wine
13124,Wine
18810,Wine
26020,Wine
21093,Wine
7582,Wine
21176,Wine
9554,Wine
3457,Wine
28092,Wine
11336,Wine
33652,Wine
11785,Wine
23075,Wine
2347,Wine
24073,Wine
30663,Wine
15666,Wine
15349,Wine
5699,Wine
13910,Wine
34617,Wine
18809,Wine
11919,Wine
23617,Wine
5076,Wine
19047,Wine
14152,Wine
27973,Wine
13106,Wine
8124,Wine
23868,Wine
16280,Wine
2363,Wine
24418,Wine
3545,Wine
18893,Wine
16906,Wine
16089,Wine
11679,Wine
5810,Wine
3637,Wine
10874,Wine
14736,Wine
15421,Wine
16895,Wine
12323,Wine
4678,Wine
33271,Wine
16999,Wine
16083,Wine
6731,Wine
2827,Wine
10878,Wine
18563,Wine
25316,Wine
29926,Wine
26432,Wine
77,Wine
16826,Wine
18339,Wine
22498,Wine
11630,Wine
22185,Wine
33615,Wine
35576,Wine
26480,Wine
26089,Wine
4272,Wine
13517,Wine
18545,Wine
28238,Wine
10918,Wine
24123,Wine
19945,Wine
22138,Wine
7520,Wine
27964,Wine
5305,Wine
24566,Wine
9526,Wine
31851,Wine
4690,Wine
12017,Wine
13416,Wine
15010,Wine
15483,Wine
13447,Wine
15474,Wine
28181,Wine
11229,Wine
24001,Wine
23993,Wine
16555,Wine
16724,Wine
8116,Wine
17297,Wine
8184,Wine
2070,Wine
18393,Wine
2221,Wine
15068,Wine
25844,Wine
20617,Wine
22891,Wine
10855,Wine
19289,Wine
29125,Wine
11332,Wine
19809,Wine
12181,Wine
28574,Wine
818,Wine
10882,Wine
1715,Wine
1610,Wine
28008,Wine
11486,Wine
9780,Wine
15246,Wine
24918,Wine
9022,Wine
5394,Wine
22391,Wine
11302,Wine
25959,Wine
13196,Wine
2898,Wine
10439,Wine
24138,Wine
16093,Wine
16287,Wine
27992,Wine
24915,Wine
9116,Wine
6046,Wine
13728,Wine
10813,Wine
10141,Wine
19888,Wine
21802,Wine
13050,Wine
1353,Wine
15958,Wine
3576,Wine
24072,Wine
10580,Wine
25422,Wine
15082,Wine
11635,Wine
19341,Wine
26085,Wine
11337,Wine
25315,Wine
23748,Wine
36897,Wine
20064,Wine
14019,Wine
7880,Wine
23601,Wine
19490,Wine
20614,Wine
15548,Wine
28311,Wine
28807,Wine
14230,Wine
19790,Wine
16911,Wine
10035,Wine
11028,Wine
7639,Wine
23269,Wine
20063,Wine
19041,Wine
24074,Wine
9784,Wine
28009,Wine
30095,Wine
5887,Wine
35872,Wine
19096,Wine
13588,Wine
11815,Wine
22737,Wine
5897,Wine
7646,Wine
17013,Wine
19877,Wine
29144,Wine
14575,Wine
28944,Wine
26750,Wine
26391,Wine
12368,Wine
34287,Wine
11956,Wine
30068,Wine
11000,Wine
27989,Wine
1428,Wine
21222,Wine
16335,Wine
16026,Wine
13243,Wine
20455,Wine
11495,Wine
36772,Wine
19896,Wine
10360,Wine
9128,Wine
8078,Wine
1619,Wine
29922,Wine
16123,Wine
28065,Wine
6890,Wine
23829,Wine
16987,Wine
28060,Wine
694,Wine
29126,Wine
35577,Wine
13780,Wine
28510,Wine
12608,Wine
31510,Wine
25702,Wine
18504,Wine
16921,Wine
12412,Wine
3334,Wine
11701,Wine
13417,Wine
14789,Wine
14013,Wine
9557,Wine
11024,Wine
23362,Wine
10075,Wine
11834,Wine
13473,Wine
11303,Wine
27347,Wine
14310,Wine
11494,Wine
15605,Wine
5213,Wine
24019,Wine
16329,Wine
17162,Wine
13373,Wine
25963,Wine
18985,Wine
24171,Wine
3251,Wine
6917,Wine
27874,Wine
140,Wine
27062,Wine
18108,Wine
4096,Wine
28006,Wine
15300,Wine
8144,Wine
14980,Wine
23831,Wine
2985,Wine
20545,Wine
30671,Wine
9938,Wine
27897,Wine
9025,Wine
18555,Wine
14382,Wine
9918,Wine
8775,Wine
6641,Wine
30211,Wine
3110,Wine
7525,Wine
19841,Wine
6738,Wine
78,Wine
16725,Wine
10880,Wine
15460,Wine
9150,Wine
692,Wine
6318,Wine
11816,Wine
17091,Wine
16811,Wine
26998,Wine
10326,Wine
19279,Wine
26977,Wine
8702,Wine
10363,Wine
21496,Wine
19729,Wine
79,Wine
5536,Wine
23791,Wine
8276,Wine
15223,Wine
76,Wine
22336,Wine
3556,Wine
21110,Wine
20437,Wine
12931,Wine
19287,Wine
1166,Wine
26939,Wine
24773,Wine
1179,Wine
24790,Wine
31515,Wine
1313,Wine
11684,Wine
80704,Wine
2358,Wine
16053,Wine
27702,Wine
20436,Wine
3253,Wine
1559,Wine
15917,Wine
10856,Wine
23217,Wine
1358,Wine
19315,Wine
27237,Wine
26330,Wine
14309,Wine
4490,Wine
7293,Wine
21136,Wine
6972,Wine
23882,Wine
35264,Wine
35673,Wine
27367,Wine
1436,Wine
8081,Wine
10962,Wine
21177,Wine
5193,Wine
14728,Wine
26086,Wine
6394,Wine
12182,Wine
5433,Wine
11080,Wine
3249,Wine
27884,Wine
24163,Wine
5657,Wine
19833,Wine
1744,Wine
28213,Wine
6479,Wine
19488,Wine
1568,Wine
82,Wine
15226,Wine
14447,Wine
4570,Wine
29916,Wine
13814,Wine
26479,Wine
11748,Wine
24543,Wine
16992,Wine
6809,Wine
18480,Wine
34258,Wine
30669,Wine
2911,Wine
8847,Wine
24596,Wine
15580,Wine
27528,Wine
8079,Wine
18560,Wine
36462,Wine
9138,Wine
14066,Wine
12937,Wine
26508,Wine
8394,Wine
11507,Wine
17550,Wine
30187,Wine
16230,Wine
31839,Wine
4569,Wine
8080,Wine
31523,Wine
12929,Wine
10126,Wine
21299,Wine
32482,Wine
23885,Wine
6729,Wine
17060,Wine
836,Wine
14416,Wine
8181,Wine
7418,Wine
12168,Wine
5696,Wine
17646,Wine
11079,Wine
22767,Wine
35889,Wine
24096,Wine
10034,Wine
28028,Wine
26478,Wine
7883,Wine
12155,Wine
14529,Wine
13125,Wine
3638,Wine
22738,Wine
9009,Wine
1125,Wine
15084,Wine
24071,Wine
7879,Wine
16891,Wine
23782,Wine
16332,Wine
31844,Wine
17889,Wine
23884,Wine
15705,Wine
80165,Wine
19577,Wine
17409,Wine
6244,Wine
8145,Wine
24282,Wine
12780,Wine
15598,Wine
14492,Wine
11290,Wine
4998,Wine
27064,Wine
12916,Wine
29141,Wine
12264,Wine
15191,Wine
5229,Wine
11013,Wine
27430,Wine
12122,Wine
12790,Wine
19603,Wine
12473,Wine
11878,Wine
16589,Wine
31271,Wine
9663,Wine
26065,Wine
2276,Wine
12394,Wine
14263,Wine
21237,Wine
11308,Wine
26933,Wine
38,Wine
3764,Wine
19521,Wine
19228,Wine
23614,Wine
14071,Wine
14817,Wine
9497,Wine
28261,Wine
12904,Wine
22881,Wine
17547,Wine
2311,Wine
27087,Wine
340,Wine
13864,Wine
9560,Wine
10175,Wine
24003,Wine
9665,Wine
23907,Wine
15390,Wine
27236,Wine
1262,Wine
10992,Wine
27066,Wine
27637,Wine
19524,Wine
4871,Wine
22608,Wine
36773,Wine
17442,Wine
19943,Wine
21803,Wine
80259,Wine
7877,Wine
23610,Wine
9215,Wine
3699,Wine
28352,Wine
16823,Wine
19868,Wine
5770,Wine
12547,Wine
28450,Wine
12382,Wine
25461,Wine
5520,Wine
24573,Wine
9908,Wine
1007,Wine
33624,Wine
10742,Wine
19297,Wine
27083,Wine
3701,Wine
18803,Wine
11898,Wine
4528,Wine
9024,Wine
26621,Wine
13352,Wine
4257,Wine
22462,Wine
4905,Wine
13909,Wine
11348,Wine
27631,Wine
29107,Wine
24652,Wine
11082,Wine
10653,Wine
9553,Wine
19724,Wine
20619,Wine
15543,Wine
10802,Wine
24090,Wine
16998,Wine
10180,Wine
11084,Wine
3197,Wine
10052,Wine
26537,Wine
5934,Wine
10309,Wine
14055,Wine
9132,Wine
10111,Wine
20833,Wine
33714,Wine
25320,Wine
80689,Wine
22016,Wine
16113,Wine
28643,Wine
7716,Wine
15653,Wine
16961,Wine
36683,Wine
10094,Wine
21645,Wine
2120,Wine
25143,Wine
13117,Wine
12102,Wine
20190,Wine
15626,Wine
19852,Wine
23611,Wine
7398,Wine
3200,Wine
12372,Wine
22900,Wine
24245,Wine
26875,Wine
26975,Wine
33313,Wine
4568,Wine
11944,Wine
11392,Wine
21558,Wine
20626,Wine
23789,Wine
22604,Wine
11306,Wine
366,Wine
12570,Wine
21605,Wine
24134,Wine
973,Wine
12319,Wine
5521,Wine
20023,Wine
19300,Wine
837,Wine
27169,Wine
26972,Wine
23363,Wine
34429,Wine
2316,Wine
20492,Wine
18799,Wine
1598,Wine
12927,Wine
12255,Wine
17250,Wine
28861,Wine
23902,Wine
4300,Wine
12183,Wine
2157,Wine
12169,Wine
18808,Wine
21205,Wine
8446,Wine
11588,Wine
15213,Wine
26557,Wine
22072,Wine
15935,Wine
12816,Wine
15921,Wine
17006,Wine
24408,Wine
12190,Wine
24567,Wine
33634,Wine
36,Wine
12750,Wine
13496,Wine
2583,Wine
4892,Wine
80164,Wine
14584,Wine
29648,Wine
68,Wine
12548,Wine
1227,Wine
11226,Wine
26075,Wine
3698,Wine
29186,Wine
31838,Wine
23886,Wine
4904,Wine
3883,Wine
693,Wine
25551,Wine
10501,Wine
21585,Wine
6061,Wine
337,Wine
18933,Wine
19812,Wine
23270,Wine
29027,Wine
10214,Wine
285,Wine
18510,Wine
12275,Wine
10886,Wine
2191,Wine
27825,Wine
12526,Wine
12152,Wine
20599,Wine
20184,Wine
448,Wine
26966,Wine
23793,Wine
22338,Wine
15740,Wine
3356,Wine
7881,Wine
11945,Wine
11153,Wine
7019,Wine
3357,Wine
12337,Wine
23619,Wine
3746,Wine
11962,Wine
1601,Wine
780,Wine
11909,Wine
26615,Wine
11989,Wine
6515,Wine
8482,Wine
8957,Wine
7210,Wine
22830,Wine
35789,Wine
21178,Wine
6445,Wine
10604,Wine
21694,Wine
20243,Wine
10567,Wine
9100,Wine
13631,Wine
5002,Wine
23609,Wine
11884,Wine
7222,Wine
14069,Wine
14362,Wine
8032,Wine
24919,Wine
11095,Wine
23021,Wine
582,Wine
10958,Wine
5209,Wine
25384,Wine
27065,Wine
5261,Wine
11466,Wine
17051,Wine
16058,Wine
13267,Wine
12171,Wine
3885,Wine
3645,Wine
18852,Wine
27982,Wine
7263,Wine
3118,Wine
7810,Wine
20479,Wine
23602,Wine
30670,Wine
6559,Wine
1836,Wine
16590,Wine
8574,Wine
15274,Wine
12009,Wine
33307,Wine
24091,Wine
19,Wine
7936,Wine
12174,Wine
12886,Wine
5518,Wine
35042,Wine
19235,Wine
28625,Wine
23132,Wine
16922,Wine
25319,Wine
9023,Wine
23887,Wine
12829,Wine
11720,Wine
5340,Wine
23865,Wine
8595,Wine
6970,Wine
4540,Wine
6726,Wine
16660,Wine
12554,Wine
28914,Wine
25452,Wine
3714,Wine
24794,Wine
9530,Wine
25066,Wine
15847,Wine
23790,Wine
257,Wine
27093,Wine
23133,Wine
12186,Wine
13263,Wine
13458,Wine
15505,Wine
25146,Wine
12928,Wine
21534,Wine
1317,Wine
20719,Wine
15920,Wine
11580,Wine
1492,Wine
10728,Wine
3744,Wine
20076,Wine
12921,Wine
1625,Wine
17888,Wine
24871,Wine
318,Wine
24933,Wine
25159,Wine
5985,Wine
6060,Wine
25165,Wine
6160,Wine
28215,Wine
17003,Wine
3702,Wine
26535,Wine
11830,Wine
19739,Wine
12716,Wine
29041,Wine
34626,Wine
7368,Wine
9558,Wine
23492,Wine
14060,Wine
16276,Wine
5519,Wine
6477,Wine
15264,Wine
17882,Wine
11300,Wine
13218,Wine
19386,Wine
24448,Wine
15266,Wine
14500,Wine
23267,Wine
2609,Wine
2843,Wine
17194,Wine
23433,Wine
10746,Wine
28309,Wine
13857,Wine
12624,Wine
17861,Wine
25087,Wine
11589,Wine
28046,Wine
8614,Wine
24291,Wine
7905,Wine
17272,Wine
20870,Wine
14816,Wine
13983,Wine
14790,Wine
6511,Wine
26448,Wine
26622,Wine
11900,Wine
27021,Wine
30216,Wine
11768,Wine
1475,Wine
28173,Wine
19345,Wine
28019,Wine
5423,Wine
12263,Wine
13830,Wine
10479,Wine
24162,Wine
13312,Wine
16450,Wine
11542,Wine
15271,Wine
28700,Wine
24526,Wine
4562,Wine
9321,Wine
19793,Wine
36682,Wine
20846,Wine
1595,Wine
15461,Wine
26067,Wine
21116,Wine
34089,Wine
18130,Wine
28783,Wine
1369,Wine
27242,Wine
10903,Wine
15768,Wine
23759,Wine
13126,Wine
11283,Wine
18499,Wine
27383,Wine
19950,Wine
3019,Wine
27382,Wine
2642,Wine
9021,Wine
14371,Wine
12033,Wine
32161,Wine
7971,Wine
22053,Wine
16747,Wine
338,Wine
17037,Wine
24721,Wine
19383,Wine
15422,Wine
15247,Wine
23293,Wine
4246,Wine
15923,Wine
7642,Wine
11618,Wine
5424,Wine
5544,Wine
6063,Wine
1834,Wine
27523,Wine
19963,Wine
9781,Wine
29009,Wine
21497,Wine
10618,Wine
26185,Wine
23049,Wine
4561,Wine
21705,Wine
19135,Wine
13351,Wine
13801,Wine
12414,Wine
19294,Wine
19493,Wine
26428,Wine
18822,Wine
28312,Wine
9124,Wine
17899,Wine
18981,Wine
29000,Wine
9279,Wine
4196,Wine
25825,Wine
21744,Wine
13497,Wine
26745,Wine
13123,Wine
36701,Wine
4330,Wine
16652,Wine
1173,Wine
22790,Wine
1431,Wine
5880,Wine
19801,Wine
16855,Wine
19226,Wine
13825,Wine
8149,Wine
3763,Wine
13581,Wine
22903,Wine
70,Wine
9123,Wine
35444,Wine
33306,Wine
19320,Wine
1993,Wine
14110,Wine
211,Wine
2892,Wine
29044,Wine
9382,Wine
10753,Wine
947,Wine
26173,Wine
28878,Wine
11081,Wine
1170,Wine
12378,Wine
3501,Wine
19518,Wine
14495,Wine
24729,Wine
24060,Wine
28699,Wine
5920,Wine
20609,Wine
14314,Wine
324,Wine
25172,Wine
2437,Wine
5461,Wine
9007,Wine
10392,Wine
3321,Wine
25166,Wine
11607,Wine
30048,Wine
20289,Wine
12090,Wine
1240,Wine
11177,Wine
4712,Wine
34606,Wine
23268,Wine
547,Wine
12521,Wine
23131,Wine
22896,Wine
501,Wine
6295,Wine
28007,Wine
11993,Wine
2274,Wine
812,Wine
26382,Wine
13628,Wine
12366,Wine
9029,Wine
1034,Wine
26255,Wine
26536,Wine
7644,Wine
24450,Wine
23160,Wine
14818,Wine
27558,Wine
1021,Wine
36709,Wine
11010,Wine
32172,Wine
10197,Wine
21457,Wine
12697,Wine
19940,Wine
7166,Wine
11172,Wine
12369,Wine
16936,Wine
24754,Wine
2987,Wine
10110,Wine
24173,Wine
5986,Wine
10729,Wine
29649,Wine
22630,Wine
10200,Wine
10108,Wine
24479,Wine
15746,Wine
30052,Wine
3647,Wine
28068,Wine
19539,Wine
11882,Wine
2654,Wine
17574,Wine
1167,Wine
26386,Wine
35296,Wine
4976,Wine
13813,Wine
16880,Wine
27132,Wine
14893,Wine
16964,Wine
10750,Wine
27869,Wine
18787,Wine
2331,Wine
11096,Wine
7600,Wine
9564,Wine
13808,Wine
26019,Wine
55421,Wine
12206,Wine
9555,Wine
35211,Wine
4999,Wine
21054,Wine
35292,Wine
5285,Wine
6971,Wine
96,Wine
11967,Wine
23072,Wine
19660,Wine
18786,Wine
19510,Wine
12906,Wine
9892,Wine
14226,Wine
2213,Wine
13052,Wine
34586,Wine
16586,Wine
20866,Wine
1934,Wine
3972,Wine
27143,Wine
20292,Wine
19140,Wine
26015,Wine
5578,Wine
34588,Wine
14645,Wine
22058,Wine
23468,Wine
5073,Wine
19648,Wine
24753,Wine
5805,Wine
6752,Wine
18305,Wine
11504,Wine
1298,Wine
20163,Wine
23081,Wine
25557,Wine
16820,Wine
24977,Wine
15922,Wine
25459,Wine
7813,Wine
8287,Wine
1602,Wine
12609,Wine
12433,Wine
6396,Wine
645,Wine
10069,Wine
25189,Wine
24755,Wine
30059,Wine
15175,Wine
10107,Wine
12362,Wine
19318,Wine
27146,Wine
28004,Wine
12847,Wine
35616,Wine
12728,Wine
25164,Wine
19550,Wine
11487,Wine
26105,Wine
19549,Wine
28032,Wine
19827,Wine
24744,Wine
25619,Wine
13572,Wine
30195,Wine
23022,Wine
7950,Wine
11501,Wine
1707,Wine
23159,Wine
6425,Wine
3599,Wine
29128,Wine
20119,Wine
11374,Wine
20474,Wine
21197,Wine
27349,Wine
20808,Wine
542,Wine
27060,Wine
449,Wine
8066,Wine
15090,Wine
4160,Wine
14984,Wine
16910,Wine
14357,Wine
5950,Wine
2301,Wine
12170,Wine
13185,Wine
24555,Wine
7647,Wine
8695,Wine
28568,Wine
14478,Wine
1174,Wine
9019,Wine
7661,Wine
26917,Wine
34086,Wine
36631,Wine
25167,Wine
6245,Wine
21211,Wine
6514,Wine
17842,Wine
23128,Wine
22765,Wine
23392,Wine
26447,Wine
28663,Wine
25277,Wine
10087,Wine
13520,Wine
3503,Wine
9664,Wine
8581,Wine
22615,Wine
33312,Wine
24377,Wine
34603,Wine
8739,Wine
8445,Wine
5591,Wine
1835,Wine
20159,Wine
22912,Wine
8845,Wine
11788,Wine
1110,Wine
5894,Wine
7811,Wine
4958,Wine
14754,Wine
11468,Wine
16277,Wine
12036,Wine
11056,Wine
22793,Wine
28416,Wine
16786,Wine
16875,Wine
13863,Wine
1839,Wine
35150,Wine
13548,Wine
27440,Wine
11761,Wine
16996,Wine
16513,Wine
28024,Wine
23382,Wine
3873,Wine
22096,Wine
11176,Wine
27741,Wine
20723,Wine
27520,Wine
11143,Wine
6210,Wine
22799,Wine
2170,Wine
25809,Wine
17738,Wine
12185,Wine
6062,Wine
15575,Wine
1581,Wine
21698,Wine
27691,Wine
6109,Wine
10596,Wine
7367,Wine
9016,Wine
25558,Wine
27748,Wine
24333,Wine
13485,Wine
963,Wine
28145,Wine
13922,Wine
6184,Wine
20347,Wine
1802,Wine
24923,Wine
20439,Wine
15496,Wine
11931,Wine
9473,Wine
12933,Wine
36893,Wine
25451,Wine
11305,Wine
29374,Wine
25946,Wine
11950,Wine
13795,Wine
4273,Wine
13399,Wine
27365,Wine
13845,Wine
14246,Wine
13535,Wine
16149,Wine
22962,Wine
10553,Wine
11897,Wine
15503,Wine
261,Wine
28995,Wine
9837,Wine
20865,Wine
6553,Wine
24260,Wine
10960,Wine
22908,Wine
14049,Wine
11483,Wine
25171,Wine
27977,Wine
13523,Wine
20024,Wine
9953,Wine
33228,Wine
20622,Wine
27177,Wine
31264,Wine
15463,Wine
8613,Wine
4634,Wine
4960,Wine
10393,Wine
1300,Wine
35295,Wine
1425,Wine
3154,Wine
19831,Wine
22913,Wine
15591,Wine
15410,Wine
23752,Wine
38355,Wine
27192,Wine
19738,Wine
3989,Wine
29647,Wine
20356,Wine
15547,Wine
27503,Wine
316,Wine
26620,Wine
12980,Wine
23994,Wine
5010,Wine
11363,Wine
27548,Wine
17848,Wine
24305,Wine
6084,Wine
1935,Wine
80147,Wine
27281,Wine
7641,Wine
6733,Wine
8798,Wine
22387,Wine
33173,Wine
22000,Wine
35884,Wine
25158,Wine
12315,Wine
12591,Wine
24756,Wine
24092,Wine
30876,Wine
9117,Wine
25617,Wine
27168,Wine
13561,Wine
1241,Wine
23995,Wine
32051,Wine
22261,Wine
17907,Wine
20010,Wine
6092,Wine
13465,Wine
11186,Wine
646,Wine
36377,Wine
10115,Wine
27705,Wine
8647,Wine
11512,Wine
12374,Wine
32065,Wine
4417,Wine
4468,Wine
18533,Wine
26739,Wine
15353,Wine
28115,Wine
14494,Wine
19525,Wine
10705,Wine
11556,Wine
18174,Wine
11390,Wine
28942,Wine
30675,Wine
8022,Wine
20724,Wine
5453,Wine
7251,Wine
19733,Wine
21999,Wine
19319,Wine
20425,Wine
10494,Wine
8164,Wine
15375,Wine
21221,Wine
15621,Wine
19685,Wine
28451,Wine
28445,Wine
13785,Wine
15908,Wine
1837,Wine
27142,Wine
27362,Wine
2008,Wine
19250,Wine
28379,Wine
14445,Wine
6377,Wine
13990,Wine
14023,Wine
16727,Wine
15709,Wine
2850,Wine
25098,Wine
301,Wine
11365,Wine
9824,Wine
14150,Wine
14900,Wine
28147,Wine
11974,Wine
1605,Wine
20995,Wine
26399,Wine
14666,Wine
9032,Wine
15016,Wine
6441,Wine
9801,Wine
7781,Wine
7303,Wine
2302,Wine
20060,Wine
18554,Wine
200,Wine
27540,Wine
21022,Wine
11362,Wine
23708,Wine
4885,Wine
27484,Beer
2404,Beer
4989,Beer
8467,Beer
B4,Beer
262,Beer
26377,Beer
26110,Beer
25321,Beer
2719,Beer
5057,Beer
17131,Beer
2697,Beer
23262,Beer
346,Beer
5099,Beer
2470,Beer
3216,Beer
3000,Beer
9159,Beer
1059,Beer
2721,Beer
4851,Beer
7910,Beer
7912,Beer
2748,Beer
2365,Beer
2357,Beer
2967,Beer
26338,Beer
577,Beer
3067,Beer
2920,Beer
2391,Beer
9597,Beer
4679,Beer
3241,Beer
3529,Beer
2813,Beer
2079,Beer
3515,Beer
9139,Beer
3526,Beer
1829,Beer
23138,Beer
5008,Beer
6120,Beer
26111,Beer
107,Beer
29115,Beer
12805,Beer
23714,Beer
2251,Beer
2430,Beer
511,Beer
2209,Beer
2737,Beer
2172,Beer
307,Beer
24034,Beer
522,Beer
2049,Beer
2025,Beer
2742,Beer
4225,Beer
4223,Beer
6801,Beer
10523,Beer
8167,Beer
2428,Beer
397,Beer
25353,Beer
9460,Beer
2403,Beer
3080,Beer
24420,Beer
25430,Beer
29097,Beer
10190,Beer
13027,Beer
25922,Beer
10731,Beer
1043,Beer
2956,Beer
2438,Beer
1664,Beer
1665,Beer
2748,Beer
2689,Beer
7071,Beer
4370,Beer
386,Beer
1850,Beer
9696,Beer
3782,Beer
7826,Beer
4024,Beer
23407,Beer
10502,Beer
27590,Beer
7807,Beer
06467,Spirit
03766,Spirit
06051,Spirit
11183,Spirit
18595,Spirit
15947,Spirit
10986,Spirit
17298,Spirit
12616,Spirit
18315,Spirit
32043,Spirit
33359,Spirit