Product Name,Category/Brand,SKU Number,Product website address,Image URL,Shipping/Delivery Cost,Retail Price
COFFEE GRANULES NESCAFE ORIGINAL 750 GRAMME TIN,Nescafe,764668,http://www.greenham.com/Contractors-Equipment/Catering/Beverages/Nescafe-Original-Instant-Coffee-Granules~p~764668,http://www.greenham.com/medias/sys_master/root/h85/h0e/8813697237022/-product-764668.jpg,"£4,50","£39,99"
BARRIER GUARD VISION 2 METRE GATE BARRIER C/W ANTI TRIP FEET,Melba,203037,http://www.greenham.com/Contractors-Equipment/Traffic-Management/Traffic-Barrier-Systems/Guard-Vision-2-Metre-Gate-Barrier-with-Anti-Trip-Feet~p~203037,http://www.greenham.com/medias/sys_master/root/h45/h0b/8804777492510/-product-203037.jpg,"£4,50","£39,99"
COVERALL SHORT LIFE TYVEK CLASSIC XPERT WHITE C/W HOOD CHF5 ,Tyvek,382104,http://www.greenham.com/Personal-Protective-Equipment/Special-Hazard-Clothing/Short-Life-Chemical-Protective-Clothing/Tyvek-Classic-Xpert-Type-5-6-Hooded-Coverall~p~382104,http://www.greenham.com/medias/sys_master/root/h9e/h3e/8798765776926/-product-382104.jpg,"£4,50","£8,13"
RESPIRATOR DISPOSABLE 3M 8835 FFP3 VALVED BOX OF 5  ,3M,292495,http://www.greenham.com/Personal-Protective-Equipment/Respiratory-Protection/Disposable-Particulate-Respirators-FFP3/3M-8835-FFP3-Valved-Soft-Seal-Dust-Mist-Metal-Fume-Respirator~p~292495,http://www.greenham.com/medias/sys_master/root/h7e/h05/8798286577694/-product-292495.jpg,"£4,50","£31,61"
SPECTACLE SAFETY BOLLE SILIUM METAL FRAME CLEAR LENS,Bolle,292908,http://www.greenham.com/Personal-Protective-Equipment/Eye-and-Face-Protection/Modern-Safety-Spectacles/Bolle-Silium-Safety-Spectacles-Clear-Lens~p~292908,http://www.greenham.com/medias/sys_master/root/h36/h08/8798309384222/-product-292908.jpg,"£4,50","£8,15"
VACUUM CLEANER NUMATIC PPR200-12 + A1 KIT 9LTR 240V 900159,Numatic,580401,http://www.greenham.com/Cleaning-and-Hygiene/Floorcare/Vacuum-Cleaners-and-Bags/Numatic-Provac-PPR-200A-Vacuum-Cleaner~p~580401,http://www.greenham.com/medias/sys_master/root/h36/hba/8804097523742/-product-580401.jpg,"£4,50","£169,99"
CLEANSER HAND HD DEB SOLOPOL LIME WASH CARTRIDGE 2LTR LIM2LT,Deb,548377,http://www.greenham.com/Cleaning-and-Hygiene/Industrial-Skin-Care/Skin-Care-Soaps-Step-2-Cleanse/Deb-Stoko-Solopol-Lime-Hand-Cleanser~p~548377,http://www.greenham.com/medias/sys_master/root/hf4/h00/8804690952222/-product-548377.jpg,"£4,50","£12,16"
HELMET SAFETY CENTURION REFLEX MID PEAK WHITE   ,Centurion,272412,http://www.greenham.com/Personal-Protective-Equipment/Head-Protection/Safety-Helmets-and-Hard-Hats/Centurion-Reflex-Mid-Peak-Safety-Helmet-White~p~272412,http://www.greenham.com/medias/sys_master/root/h6f/h27/8805013749790/-product-272412.jpg,"£4,50","£8,73"
BARRIER FENCING CONTRACTOR ORANGE POLYPROPYLENE 50Mx1M ROLL ,Bunzl Own Brand,630013,http://www.greenham.com/Contractors-Equipment/Security-and-Access-Control/Site-Fencing/Contractor-Plastic-Barrier-Fencing~p~630013,http://www.greenham.com/medias/sys_master/root/hbe/h81/8799328862238/-product-630013.jpg,"£4,50","£34,99"
PAINT SPOT MARKING CONTRACTOR YELLOW 750ML,Bunzl Own Brand,742165,http://www.greenham.com/Contractors-Equipment/Traffic-Management/Road-Marking-and-Spot-and-Line-Marking-Paint/Professional-Spot-Marking-Paint-Yellow~p~742165,http://www.greenham.com/medias/sys_master/root/hca/h94/8799488639006/-product-742165.jpg,"£4,50","£7,44"
WHEELBARROW MERCHANT GALV PAN BLACK FRAME C/W PNEUMATIC TYRE,Bunzl Own Brand,700007,http://www.greenham.com/Contractors-Equipment/Tools/Wheelbarrows-and-Sack-Trucks/The-Merchant-Wheelbarrow~p~700007,http://www.greenham.com/medias/sys_master/root/h4d/h6d/8812963135518/-product-700007.jpg,"£4,50","£43,34"
FIRST AID KIT KEEPSAFE 20 PERSON GREEN BOX STANDARD,Bunzl Own Brand,254865,http://www.greenham.com/Contractors-Equipment/First-Aid-and-Fire-Safety/First-Aid-Kits/Keep-Safe-Standard-HSE-20-Person-First-Aid-Kit~p~254865,http://www.greenham.com/medias/sys_master/root/hda/h10/8804824317982/-product-254865.jpg,"£4,50","£32,99"
WAISTCOAT KEEPSAFE HIVIS YELLOW DOUBLE BAND AND BRACE ,Bunzl Own Brand,384065,http://www.greenham.com/Personal-Protective-Equipment/Special-Hazard-Clothing/High-Visibility-Clothing/Keep-Safe-High-Visibility-EN-471-Sleeveless-Double-Band-and-Brace-Waistcoat~p~384065,http://www.greenham.com/medias/sys_master/root/hd2/h83/8808164786206/-product-384065.jpg,"£4,50","£5,09"
SHOVEL NO2 SOLID SOCKET SQUARE MOUTH MYD HANDLE CONTRACTOR,Bunzl Own Brand,762570,http://www.greenham.com/Contractors-Equipment/Tools/Digging-Tools/Contractor-MYD-Solid-Socket-Square-Mouth-Shovel~p~762570,http://www.greenham.com/medias/sys_master/root/h02/h9f/8799574360094/-product-762570.jpg,"£4,50","£18,99"
JACKET KEEPSAFE ROAD SAFETY HIVIS YELLOW EN471 3:2 ,Bunzl Own Brand,305066,http://www.greenham.com/Personal-Protective-Equipment/Special-Hazard-Clothing/High-Visibility-Clothing/Keep-Safe-EN-471-High-Visibility-Safety-Jacket~p~305066,http://www.greenham.com/medias/sys_master/root/hd6/h2a/8798599839774/-product-305066.jpg,"£4,50","£36,49"
TROUSER KEEPSAFE CARGO POLYCOTTON HIVIS YELLOW REGULAR,Bunzl Own Brand,302008,http://www.greenham.com/Personal-Protective-Equipment/Special-Hazard-Clothing/High-Visibility-Clothing/Keep-Safe-EN471-High-Visibility-Polycotton-Cargo-Trousers~p~302008,http://www.greenham.com/medias/sys_master/root/h1a/h16/8798425907230/-product-302008.jpg,"£4,50","£14,10"
BOOT SAFETY TOE & MIDSOLE TUF D-RING CHUKKA S1P ,Bunzl Own Brand,102041,http://www.greenham.com/Personal-Protective-Equipment/Safety-Footwear/Tuf-Safety-Boots/Tuf-D-Ring-Chukka-Safety-Boot-with-Midsole~p~102041,http://www.greenham.com/medias/sys_master/root/h98/hab/8797532454942/-product-102041.jpg,"£4,50","£24,20"
PAINT SPOT MARKING CONTRACTOR YELLOW 750ML,Bunzl Own Brand,742165,http://www.greenham.com/Contractors-Equipment/Traffic-Management/Road-Marking-and-Spot-and-Line-Marking-Paint/Professional-Spot-Marking-Paint-Yellow~p~742165,http://www.greenham.com/medias/sys_master/root/hca/h94/8799488639006/-product-742165.jpg,"£4,50","£7,44"
BOOT SAFETY TOE & MIDSOLE TUF FUR LINED RIGGER TAN S1P,Bunzl Own Brand,198204,http://www.greenham.com/Personal-Protective-Equipment/Safety-Footwear/Safety-Rigger-Boots/Tuf-Lined-Rigger-Safety-Boot-With-Midsole~p~198204,http://www.greenham.com/medias/sys_master/root/h04/hb2/8797586325534/-product-198204.jpg,"£4,50","£38,86"
BOOT WELLINGTON SAFETY TOE AND MIDSOLE BLACK S5 TUF ,Bunzl Own Brand,165022,http://www.greenham.com/Personal-Protective-Equipment/Safety-Footwear/Safety-Wellington-Boots/Tuf-Safety-Wellington-Boot-with-Midsole~p~165022,http://www.greenham.com/medias/sys_master/root/hc0/hb0/8797575708702/-product-165022.jpg,"£4,50","£16,80"
CONE TRAFFIC CONTRACTOR TWO PIECE 750MM C/W SLEEVE ,Bunzl Own Brand,204064,http://www.greenham.com/Contractors-Equipment/Traffic-Management/Traffic-Cones/Contractor-750mm-30-Two-Piece-Traffic-Cone~p~204064,http://www.greenham.com/medias/sys_master/root/hc0/hba/8797659594782/-product-204064.jpg,"£4,50","£7,49"
CLEANER TOILET CLEANLINE 1 LITRE BOTTLE,Bunzl Own Brand,510402,http://www.greenham.com/Cleaning-and-Hygiene/Cleaning/Toilet-Cleaners/Cleanline-Daily-Toilet-Cleaner~p~510402,http://www.greenham.com/medias/sys_master/root/h28/h0a/8808729018398/-product-510402.jpg,"£4,50","£1,69"
MOPHEAD KENTUCKY CLEANWORKS PY 16OZ       ,Bunzl Own Brand,536178,http://www.greenham.com/Cleaning-and-Hygiene/Floorcare/Traditional-Mops/Traditional-Kentucky-Cotton-PY-Mop-Head~p~536178,http://www.greenham.com/medias/sys_master/root/h5a/h66/8799099093022/-product-536178.jpg,"£4,50","£2,99"
BATTERY BLACK CONTRACTOR 6V LANTERN ROAD LAMP H4R25/996  ,Bunzl Own Brand,200212,http://www.greenham.com/Contractors-Equipment/Materials-and-Site-Equipment/Batteries-and-Accessories/Contractor-Standard-Road-Lamp-Battery~p~200212,http://www.greenham.com/medias/sys_master/root/he1/h83/8803641753630/-product-200212.jpg,"£4,50","£2,99"
RESPIRATOR DISPOSABLE KEEP SAFE FFP3 VALVED BOX OF 5,Bunzl Own Brand,282561,http://www.greenham.com/Personal-Protective-Equipment/Respiratory-Protection/Disposable-Particulate-Respirators-FFP3/Keep-Safe-FFP3-Cup-Shaped-Valved-Respirator~p~282561,http://www.greenham.com/medias/sys_master/root/h82/h01/8798253154334/-product-282561.jpg,"£4,50","£17,86"
