name,sku
Drink Master Black Drink Mixer (729),729
Manual Commercial Citrus Juicer (932),932
Travel Iron / Steamer (10092),10092
90 Minute Garment Steamer (11550),11550
Steam Elite Stainless Steel Iron (14010),14010
Steam Elite Nonstick Iron (14011),14011
FashionFirst Iron - Cherry Blossom (14014),14014
FashionFirst Iron - Ocean Breeze (14016),14016
Nonstick Iron with Retractable Cord (14210),14210
Electronic Control Iron - Pink (14348),14348
QuickGlide Iron with Ceramic Soleplate (14352),14352
Ceramic QuickGlide Iron with Wear-Resistant Soleplate (14353),14353
Smart Lift Iron with Built-In Stability (14401),14401
Easy Touch Iron (14413),14413
Easy Touch Iron with Stainless Steel Soleplate (14414),14414
Easy Touch Iron (14417),14417
Steam Storm Nonstick Iron (14515),14515
Stainless Steel Professional Iron (14551),14551
Professional Iron (14552),14552
Lightweight Iron,14565
Lightweight Iron (14567),14567
Professional Iron (14710),14710
Professional Iron (14711),14711
Easy Fill Iron (14751),14751
Digital Iron with Nonstick Soleplate,14870
Chrome Electronic Iron (14955),14955
Full-Size Iron (14978),14978
Durathon Nonstick Iron (19701),19701
Durathon Nonstick Iron (19800),19800
Durathon Electronic Nonstick Iron (19801),19801
Durathon Retractable Cord Iron (19803),19803
Durathon Electronic Iron with Retractable Cord (19804),19804
Durathon Digital Iron (19900),19900
Durathon Digital Iron with Retractable Cord (19901),19901
Eclectrics Sterling All-Metal Toaster (22110),22110
PerfectToast 2 Slice Toaster - Black & Silver (22124),22124
2 Slice Bagel Toaster - Black (22201),22201
SmartToast Extra-Wide Slot 2 Slice Toaster (22323),22323
SmartToast Extra-Wide Slot Toaster (22324),22324
SmartToast Extra-Wide Slot Toaster (22444),22444
Cool-Touch 2 Slice Toaster (22464),22464
Digital 2 Slice Toaster/Bagel Toaster (22502),22502
2 Slice Toaster (22504),22504
Black Ice Metal Collection 2 Slice Toaster (22514),22514
Classic Chrome 2 Slice Toaster (22600),22600
PerfectToast Chrome 2 Slice Toaster (22601),22601
2 Slice Bagel Toaster (22635),22635
PerfectToast 2 Slice Toaster (22657),22657
Brushed Chrome 2 Slice Toaster (22690),22690
ensemble Toastation Toaster & Oven (22722),22722
Classic Chrome 2 Slice Toaster (22790),22790
Modern Chrome 2 Slice Toaster (22791),22791
Warm Mode 2 Slice Toaster (22810),22810
Keep Warm Toaster (22811),22811
SmartToast Extra-Wide Slot Toaster (24444),24444
Digital Metal 4 Slice Toaster (24502),24502
Metal 4 Slice Toaster/Bagel Toaster (24504),24504
Black Ice Metal Collection 4 Slice Toaster (24514),24514
PerfectToast Chrome 4 Slice Toaster (24601),24601
Classic Chrome 4 Slice Toaster (24790),24790
Modern Chrome 4 Slice Toaster (24791),24791
PerfectToast Chrome 4 Slice Toaster (24800),24800
Set & Forget Probe Grill (25217),25217
Indoor Grill with Removable Grids (25285),25285
Indoor Grill with Panini Press (25324),25324
Indoor Grill with Removable Grids - Extra Large (25325),25325
Steak Lover Indoor Grill (25331),25331
Easy-Clean Indoor Grill (25332),25332
Indoor Grill (25335),25335
Indoor Grill (25357),25357
Indoor Grill (25359),25359
Searing Grill (25360),25360
Indoor Grill (25451),25451
Egg Cooker (25500),25500
Belgian Style Waffle Maker (26009),26009
Belgian Style Flip Waffle Maker (26010),26010
Black Ice Metal Collection Belgian Style Flip Waffle Maker (26011),26011
Belgian Style Waffle Maker (26020),26020
Mess Free Belgian Style  Waffle Maker (26040),26040
Mess Free Belgian Style  Waffle Maker (26041),26041
Mess Free Belgian Style Waffle Maker (26042),26042
Ceramic Breakfast Skillet (26047),26047
Morning Baker Waffle Baker (26501),26501
HomeBaker 2 Lb. Breadmaker (29881),29881
HomeBaker 2 Lb. Breadmaker (29882),29882
4 Slice Capacity Toaster Oven (31134),31134
4 Slice Toaster Oven (31136),31136
4 Slice Toaster Oven (31137),31137
Stainless Steel 4 Slice Toaster Oven (31138),31138
4 Slice Toaster Oven (31139),31139
Convection 6 Slice Toaster/Oven Broiler (31207),31207
Set & Forget Toaster Oven with Convection Cooking (31230),31230
Convection Toaster Oven (31331),31331
Easy Reach 4-Slice Toaster Oven (31334),31334
6 Slice Toaster Oven (31409),31409
6 Slice Capacity Toaster Oven (31507),31507
6 Slice Toaster Oven (31510),31510
Stainless Steel 6 Slice Toaster Oven (31511),31511
Pizza Maker (31700),31700
18 Quart Buffet Roaster Oven With Stainless Steel Serving Lid And Buffet Pans (32184),32184
18 Quart Roaster Oven (32188),32188
3-in-One Slow Cooker - Black/Stainless (33135),33135
3 Quart Slow Cooker (33138),33138
3 Quart Slow Cooker (33139),33139
Stay or Go 4 Qt. Slow Cooker (33144),33144
Programmable 4.5 Quart Slow Cooker (33147),33147
4 Piece Set Slow Cooker (33148),33148
Stay or Go 4 Quart Slow Cooker (33149),33149
Meal Maker 5 Quart Slow Cooker (33150),33150
5 Quart Slow Cooker (33154),33154
5 Quart Portable Slow Cooker (33155),33155
Meal Maker 6 Quart Slow Cooker (33160),33160
Stay or Go 6 Quart Stainless-look Slow Cooker (33162),33162
Stay or Go 6 Quart Slow Cooker - White (33163),33163
Stay or Go 6 Quart Copper-look Slow Cooker (33164),33164
Stay or Go 6 Qt. Deluxe Slow Cooker (33165),33165
6 Quart Slow Cooker (33167),33167
Stay or Go 5 Quart Slow Cooker (33169),33169
7 Quart Slow Cooker (33171),33171
7 Quart Slow Cooker (33172),33172
Black Ice Metal Collection 7 Quart Slow Cooker (33173),33173
7 Quart Oval Slow Cooker (33176),33176
8 Quart Slow Cooker (33181),33181
8 Quart Slow Cooker (33182),33182
3 Quart Slow Cooker (33234),33234
3 Quart Slow Cooker (33238),33238
3 Quart Slow Cooker (33239),33239
Stay or Go 4 Quart Slow Cooker (33245),33245
Programmable 4 1/2 Quart Slow Cooker (33247),33247
Stay or Go 4 Quart Slow Cooker (33249),33249
5 Quart Portable Slow Cooker (33250),33250
Easy-Pour 5 Quart Slow Cooker (33255),33255
5 Quart Portable Slow Cooker (33256),33256
5 Quart Slow Cooker (33258),33258
5 Quart Slow Cooker (33259),33259
Stay or Go 6 Quart Slow Cooker (33261),33261
Stay or Go 6 Quart Slow Cooker (33262),33262
Stay or Go 6 Quart Slow Cooker (33263),33263
Stay or Go 6 Quart Slow Cooker (33264),33264
6 Quart Programmable Cool-Surround Slow Cooker (33265),33265
Stay or Go 6 Quart Football Slow Cooker (33266),33266
Stay or Go 6 Quart Slow Cooker (33267),33267
Stay or Go 5 Quart Slow Cooker (33269),33269
7 Quart Slow Cooker (33276),33276
Stay or Go 4 Quart Slow Cooker (33345),33345
Stay or Go 4 Quart Trellis Slow Cooker (33346),33346
Premiere Cookware 5 1/2 Quart Slow Cooker (33351),33351
ensemble 5 Quart Stay or Go&reg; Slow Cooker (33354),33354
5 Quart Portable Slow Cooker (33357),33357
Dana Gibson 6 Quart Slow Cooker (33360),33360
Dana Gibson 6 Quart Slow Cooker (33361),33361
IntelliTime 6 Quart Slow Cooker (33365),33365
3 Piece Party Crock (33416),33416
Programmable 5 Quart Slow Cooker (33453),33453
Ensemble Programmable 5 Quart Slow Cooker (33456),33456
Stay or Go 6 Quart Portable Slow Cooker (33461),33461
Stay or Go 6 Quart Portable Slow Cooker (33462),33462
Set & Forget Programmable 6 Quart Slow Cooker (33464),33464
Programmable Stay or Go 6 Quart Slow (33466),33466
Stay or Go 7 Quart Portable Slow Cooker (33471),33471
Stay or Go 7 Quart Portable Slow Cooker (33472),33472
Programmable 7 Quart Slow Cooker (33473),33473
IntelliTime 6 Quart Slow Cooker (33564),33564
Simplicity 6 Quart Slow Cooker (33565),33565
Set 'n Forget 5 Qt. Programmable Slow Cooker (33956),33956
Stay or Go 5 Quart Programmable Slow Cooker (33957),33957
Programmable Set & Forget 5 Quart Slow Cooker (33958),33958
Stay or Go 6 Qt. Programmable Slow Cooker (33965),33965
Induction Portable Cooktop (34102),34102
Immersion Heater Deep Fryer (35021),35021
12 Cup Oil Capacity Deep Fryer (35033),35033
Meal Maker Multicooker (35135),35135
8 Cup Oil Capacity Deep Fryer (35200),35200
4 to 20 Cup Rice Cooker/Steamer (37535),37535
Digital Simplicity Deluxe Rice Cooker/Steamer (37536),37536
Digital Simplicity Rice Cooker/Steamer (37539),37539
Electric Griddle (38515),38515
Nonstick Electric Skillet (38525),38525
Premiere Cookware Electric Griddle (38541),38541
Eclectrics Sterling All-Metal Coffeemaker (40110),40110
French Press with Cocoa Attachment (40400),40400
40 Cup Dispensing Coffee Urn (40514),40514
42 Cup Coffee Urn (40515),40515
42 Cup Coffee Urn (40516),40516
BrewStation 40 Cup Coffee Urn (40540),40540
Stainless Steel 12 Cup Percolator (40614),40614
1.7 Liter Glass Kettle (40865),40865
Stainless Steel 10 Cup Electric Kettle (40870),40870
Stainless Steel 10 Cup Electric Kettle (40872),40872
10 Cup Stainless Steel Electric Kettle (40893),40893
10 cup Candy Apple Electric Kettle (40894),40894
8 Cup Cordless Kettle (40898),40898
Iced Coffee Maker (40913),40913
Personal Iced Coffee Brewer (40915),40915
Personal Iced Tea Brewer (40916),40916
Personal Iced Coffee Tea Brewer (40917),40917
Ensemble Cord Free Pouring Kettle (40919),40919
Personal Iced Coffee Brewer (40920),40920
Personal Iced Tea Brewer (40921),40921
1 Liter Stainless Steel Electric Kettle (40995),40995
1 Liter Stainless Steel Electric Kettle (40997),40997
3-in-One Hot Beverage Center (42115),42115
Black Ice Metal Collection 12 Cup Coffee Maker (43255),43255
5 Cup Personal Coffee Brewer (43700),43700
Voice Activated 12 Cup Coffeemaker (44601),44601
Illusion 12 Cup Coffee Maker (44755),44755
Stay or Go Deluxe Thermal Coffeemaker (45237),45237
Stay or Go Deluxe Thermal Coffeemaker (45238),45238
12 Cup Coffee Maker (46201),46201
BrewStation 10 Cup Coffee Maker (47374),47374
BrewStation 10 Cup Dispensing Coffee Maker (47380),47380
BrewStation Deluxe 12 Cup Coffee Maker - White (47451),47451
BrewStation Deluxe 12 Cup Coffee Maker (47454),47454
BrewStation 12 Cup Dispensing Coffee Maker (47700),47700
BrewStation 12 Cup Dispensing Coffeemaker (47701),47701
BrewStation 12 Cup Dispensing Coffee Maker w/ Removable Reservoir (47950),47950
5 Cup Coffee Maker (48136),48136
5 Cup Coffee Maker (48137),48137
BrewStation 6 Cup Coffee Maker (48274),48274
BrewStation 6 Cup Coffeemaker (48275),48275
BrewStation Summit 12 Cup Coffee Maker (48463),48463
BrewStation Summit 12 Cup Coffee Maker (48464),48464
BrewStation Summit Ultra 12 Cup Coffee Maker (48465),48465
BrewStation Coffee Maker with Flavor Dispenser (49150),49150
12 Cup Coffeemaker (49317),49317
12 Cup Programmable Coffee Maker (49464),49464
12 Cup Digital Coffee Maker (49465),49465
12 Cup Coffeemaker with Digital Clock (49467),49467
12 Cup Coffeemaker with Digital Clock (49611),49611
12 Cup Coffeemaker with Programmable Clock (49615),49615
Programmable 12 Cup Coffee Maker (49754),49754
Programmable 12 Cup Coffee Maker (49755),49755
Programmable 12 Cup Coffee Maker (49756),49756
Black Ice Metal Collection 12 Cup Coffeemaker (49757),49757
Programmable Thermal 10 Cup Coffee Maker (49854),49854
Programmable Thermal 10 Cup Coffee Maker (49855),49855
Personal Cup One Cup Pod Brewer (49970),49970
Personal Cup One Cup Pod Brewer (49971),49971
2-Way FlexBrew Coffeemaker (49983),49983
ensemble Pod Coffee Maker (49991),49991
FlexBrew Single-Serve Coffeemaker (49995),49995
Eclectrics Sterling All-Metal Blender Wave Action&trade; (50110),50110
Aguas Fresca Blender (50162),50162
Wave Maker 10 Speed Blender (50163),50163
Wave Maker 10 Speed Blender (50243),50243
Smooth Pour Blender (50246),50246
Wave Master 10 Speed Blender (50249),50249
Blender Chef 10 Speed Blender (50251),50251
Stay or Go 10 Speed Blender (50639),50639
Thermal Cooler Plus 10 Speed Blender (Blue),50712
Thermal Cooler Plus 10 Speed Blender (50713),50713
Wave Station Dispensing Blender (50754),50754
Single-Serve Blender - with 2 Jars and 2 Lids (51102),51102
Single-Serve Blender with Travel Lid (51103),51103
Stainless Single-Serve Blender with Travel Lid (51108),51108
Single Serve Blender (51110),51110
Single-Serve Blender (51111),51111
Single-Serve Blender with Travel Lid (51126),51126
Wave Power 12 Speed Blender - Black (52182),52182
Stay or GoÂ® Blender (52400),52400
BlenderChef 12 Speed Blender (52654),52654
BlenderChef 12 Speed Blender - Black (52655),52655
Wave Station Plus Blender - Black (53155),53155
Wave Maker 2 Speed Blender (53205),53205
Wave Maker 2 Speed Blender - Red (53206),53206
Wave Power Blender-Chopper (53208),53208
Wave Station Plus Blender - Silver,53257
Wave Crusher Multi-Function Blender (54220),54220
Wave Crusher Multi-Function Blender (54221),54221
Black Ice Metal Collection Wave Power Blender (54226),54226
Wave Power Plus Blender (54227),54227
Wave Power Plus Blender (54229),54229
Ensemble 14 Speed Blender (54245),54245
Wave Station Express Dispensing Blender (54614),54614
Wave Station Express - Black (54615),54615
Wave Station Express Dispensing Blender (54619),54619
Smoothie Smart Blender (56206),56206
Smoothie Smart Blender (56221),56221
Smoothie Smart Blender (56222),56222
Wave Crusher 8 Speed Blender (58142),58142
Wave Crusher Blender (58143),58143
Power Elite Multi-Function Blender (58146),58146
Ensemble Multi-Function Blender (58147),58147
Power Elite Blender (58148),58148
Blender / Chopper (58149),58149
MultiBlend Blender (58158),58158
Wave Station Express Dispensing Blender (58614),58614
Wave Station Express Dispensing Blender (58615),58615
Hand Blender (59756),59756
2 Speed Hand Blender with whisk and mixing cup (59760),59760
2 Speed Hand Blender (59762),59762
2 Speed Hand Blender with whisk and chopping bowl (59765),59765
6 Speed Hand Mixer with Pulse and Snap-On Case (62620),62620
Hand Mixer with Snap-On Case - black (62630),62630
Ensemble Hand Mixer with Snap-On Case (62633),62633
SoftScrape 6 Speed Hand Mixer with Case (62637),62637
SoftScrape 6 Speed Hand Mixer with Case (62640),62640
6 Speed Hand Mixer with QuickBurst (62641),62641
SoftScrape 6 Speed Hand Mixer with Case (62645),62645
6 Speed Classic Hand Mixer w/ Snap-on Case (62650),62650
Cupcake Creations Hand Mixer with Decorating Kit & Storage Case (62666),62666
Performance Plus 6 Speed Mixer (62676),62676
Hand Mixer with Snap-On Case (62683),62683
Hand Mixer with Snap-On Case (62692),62692
Eclectrics Sterling All-Metal Stand Mixer (63220),63220
Eclectrics Carmine Red All-Metal Stand Mixer (63232),63232
6 Speed Stand Mixer (63325),63325
6 Speed Stand Mixer (63326),63326
6 Speed Stand Mixer (63327),63327
6 Speed Stand Mixer (63328),63328
6 Speed Classic Hand/Stand Mixer (64650),64650
Power Deluxe 6 Speed Hand/Stand Mixer (64699),64699
FreshMix 2 Cup Citrus Juicer (66333),66333
Big Mouth  Juice Extractor - White (67600),67600
Health Smart Juice Extractor (67804),67804
HealthSmart 2 Speed Juice Extractor (67900),67900
Icy Treats Ice Shaver (68050),68050
1.5 Quart Capacity Ice Cream Maker (68320),68320
1.5 Quart Capacity Ice Cream Maker (68321),68321
1.5 Quart Capacity Ice Cream Maker (68322),68322
1.5 Quart Capacity Ice Cream Maker (68328),68328
Ice Shaver (68506),68506
Cordless Half Pint Soft-Serve Ice Cream Maker (68660),68660
Cordless Half Pint Soft-Serve Ice Cream Maker (68661),68661
Cordless Half Pint Soft-Serve Ice Cream Maker (68662),68662
Milkshake Mix - Vanilla,68711
Chocolate Ice Cream Mix (68731),68731
Vanilla Ice Cream Mix (68733),68733
Hamilton Beach Rock Salt (68740),68740
Ice Cream Storage Tubs (68750),68750
FastPop Frozen Treat Maker (68770),68770
FastPop Gourmet Pop Maker (68771),68771
Fast Pop Gourmet Pop Maker (68772),68772
Fast Pop Gourmet Pop Maker (68773),68773
Big Mouth 14 Cup Food Processor (70570),70570
Big Mouth 14 Cup Food Processor - Black (70573),70573
Big Mouth Deluxe 14 Cup Food Processor with French Fry Blade (70575),70575
Big Mouth Duo 14 Cup Food Processor with Second Bowl (70579),70579
Big Mouth Duo Plus Food Processor (70580),70580
ChefPrep 500 Watt Food Processor - White (70610),70610
ChefPrep 525 Watt Food Processor - Black (70670),70670
Stack & Snap 10 Cup Food Processor (70720),70720
Stack & Snap 12 Cup Food Processor (70725),70725
Bowl Scraper Food Processor (70730),70730
8 Cup Food Processor (70740),70740
10 Cup Food Processor with Compact Storage Feature (70760),70760
SaladXpress Food Processor (70950),70950
3 Cup Food Chopper (72601),72601
3 Cup Food Chopper (72602),72602
Ensemble 3 Cup Chopper - Red (72703),72703
Ensemble 3 Cup Chopper - Black (72705),72705
Stack & Press 3 Cup Glass Bowl Chopper (72860),72860
Ensemble 3 Cup Glass Bowl Chopper (72861),72861
3 Cup Touchpad Food Chopper (72900),72900
Hot Oil Popcorn Popper (73300),73300
OpenEase Can Opener (76379),76379
Classic Chrome Heavyweight Can Opener (76380),76380
OpenStationCan Opener (76385),76385
OpenStation Can Opener with 2nd Multi-Tool (76390),76390
Walk 'n Cut Can Opener (76501),76501
SmoothTouch Can Opener with Scissors (76607),76607
Can Opener (76700),76700
Black IceMetal Collection Can Opener (76776),76776
Can Opener (76777),76777
Fresh Grind Coffee Grinder (80333),80333
Fresh Grind Coffee Grinder (80335),80335
Coffee Grinder (80350),80350
Custom Grind Hands-Free 12 Cup Coffee Grinder (80365),80365
12 Cup Coffee Grinder (80370),80370
3 Burner Pedestal Gas Grill (84131),84131
GRILL COVER FOR OUTDOOR GRILL,84903
SodaStation CO2 Cartridges(10),85911
12 Cup Replacement Carafe (88151),88151
Replacement Carafe (88152),88152
12 Cup Replacement Carafe (88155),88155
Replacement Carafe - 12 Cup (88165),88165
Heart Pan - Set of 4 Mini Non-Stick Heart Pans (990051200),990051200
"Crock, White - 33956",990056600
True Air&reg; Replacement Carbon Filter 3 Pack (04230G),04230G
"Filters (3-Pack), Smoke Odors",04231GW
"FILTER, 3-PACK, PET",04234G
TrueAir&reg; Replacement Carbon Pet Filter 3-Pack (04234G),04234G
EX STRENGTH GEN PUR FILTER,04280FS
"FILTER, EXTRA STRENGTH SMOKE",04281FS
"Single Filter, All Purpose",04290G
"Single Filter, Smoke Odors",04291G
"Single Filter, Pet Odors",04294G
True Air Ecoclean&trade; Air Purifier (04492F),04492F
True Air High-Performance Pet Air Purifier (04493P),04493P
True Air Plug-Mount Odor Eliminator (04530GM),04530GM
TrueAir Plug-Mount Odor Eliminator (04531GM),04531GM
TrueAir; Room Odor Eliminator (04532GM),04532GM
Nonstick Iron with Retractable Cord (14210Z),14210Z
Ensemble 2 Slice Bagel Toaster - Red (22002H),22002H
2 Slice Metal Toaster (22524E),22524E
4 Slice Extra-Wide-Slot Toaster (24627C),24627C
Belgian-Style Waffle Maker (26015T),26015T
Countertop Oven with Convection & Rotisserie (31197R),31197R
Countertop Oven with Convection & Rotisserie (31199R),31199R
Countertop Oven with Convection (31199XR),31199XR
Health Smart Indoor / Outdoor Grill (31605N),31605N
3 Quart Slow Cooker (33136T),33136T
4 Quart Slow Cooker (33140V),33140V
5 Quart Portable Slow Cooker (33156SZ),33156SZ
Stay or Go 6 Quart Slow Cooker,33162R
Stay or Go 6 Quart Slow Cooker (33162RZ),33162RZ
Deluxe Stay or Go 6 Quart Slow Cooker (33165TA),33165TA
Stay or Go 4 Quart Slow Cooker (33246T),33246T
Ensemble Stay or Go 5 Quart Slow Cooker (33254H),33254H
20 Cup Capacity Rice Cooker (37532N),37532N
20 Cup Capacity Rice Cooker (37538N),37538N
Nonstick Electric Skillet (38530R),38530R
Eclectrics All-Metal Coffeemaker (40132H),40132H
1 Liter Electric Kettle (40875Z),40875Z
Stainless Steel 1.7 Liter Kettle (40880E),40880E
Iced Coffee/Tea Maker (40912R),40912R
Programmable 1.7 Liter Kettle (40996),40996Z
10 Cup Stainless Steel Electric Kettle (40999R),40999R
Ensemble 12 Cup Coffee Maker (43253R),43253R
Programmable 12 Cup Coffee Maker (43254R),43254R
Black Ice Metal Collection 12 Cup Coffee Maker (43255R),43255R
Stay or Go Custom Pair Coffee Maker (45237R),45237R
Stay or Go Custom Pair Deluxe Coffee Maker (45238R),45238R
BrewStation Deluxe 12 Cup Coffee Maker (47455EU1),47455EU1
BrewStation Programmable 12 Cup Coffee Maker (47665Z),47665Z
12 Cup Programmable Coffee Maker (49465R),49465R
Stay or Go Personal Cup Pod Coffee Maker (49990Z),49990Z
Eclectrics Sugar (white) All-Metal Blender Wave Action&trade; (50111R),50111R
EclectricsLicorice (black) All-Metal Blender Wave Action&trade; (50117R),50117R
Wave Maker 10 Speed Blender (50161N),50161N
BlendMaster 10 Speed Blender (50200MP),50200MP
Ensemble Red 10 Speed Blender (50233H),50233H
ensemble 10 Speed Blender (50233P),50233P
Wave Maker10 Speed Blender - Black (50242N),50242N
Stay or Go 10 Speed Blender - black (50639R),50639R
Wave Power Plus 10 Speed Blender (50644WV),50644WV
Single-Serve Blender with Travel Lid (51101R),51101R
Single-Serve Blender with Travel Lid (51104T),51104T
Single-Serve Blender with Travel Lid (51106T),51106T
Wave Power 12 Speed Blender,521XX
Wave Power Black 12 Speed Blender (52282WV),52282WV
Wave Power  White 12 Speed Blender (52884WV),52284WV
Wave Station Plus Dispensing Blender (53257C),53257C
Wave Station Express Dispensing Blender (54615B),54615B
Wave StationExpress Dispensing Blender (54618H),54618H
Blender Replacement Parts (55102R),55102R
Hand Blender (59755C),59755C
2 Speed Hand Blender with Case (59780R),59780R
2 Speed Hand Blender with Case (59785R),59785R
Hand Mixer with Snap-On Case (62632R),62632R
Hand Mixer with Snap-On Case (62633R),62633R
6 Speed Hand Mixer (62680R),62680R
Hand Mixer with Snap-On Case (62682R),62682R
Hand Mixer with Snap-On Case (62682RZ),62682RZ
Hand Mixer with Snap-On Case (62695D),62695D
6 Speed Hand Mixer (62695V),62695V
Power Deluxe 6 Speed Hand/Stand Mixer (64695N),64695N
1.5 Quart Capacity Ice Cream Maker (68321Z),68321Z
4 Quart Ice Cream Maker  (68330R),68330R
Half Pint Soft-Serve Ice Cream Maker - Blue (68550E),68550E
"SNOW CONE SYRUP, GRAPE",68701R
"SNOW CONE SYRUP, CHERRY",68703R
"SNOW CONE SYRUP, BLUE RASP.",68705R
DrinkMaster White Drink Mixer (727B),727B
Carve ' n Set Electric Knife with Case (74250B),74250B
Electric Knife with Storage Case (74250R),74250R
Classic Chrome Electric Knife with Case (74275R),74275R
SureCut Extra-Tall Can Opener (76370R),76370R
SureCut Extra-Tall Can Opener (76371R),76371R
OpenStation Can Opener (76385Z),76385Z
Classic Chrome Heavyweight Can Opener - Red (76388R),76388R
OpenStation Can Opener (76389R),76389R
Walk 'n Cut Can Opener (76501G),76501G
SmoothTouch Can Opener (76606Z),76606Z
Custom Grind15 Cup Coffee Grinder - black (80344Z),80344Z
HB WATER FILTER,80674R
8-12CUP CUPCAKE PERM FILTER,80675R
GrillStation 5 Burner Gas Grill (84241R),84241R
GrillStation 5 Burner Gas Grill (84242R),84242R
GrillStation 5 Burner Gas Grill (84244R),84244R
SodaStationHand-Held Carbonated Soda Maker (85105S),85105S
8-12 Cup Coffee Filters - Standard Size (CF200),CF200
Pour-Over Sized Commercial Coffee Filters (CF500),CF500
Commercial Hospitality Coffeemaker (w/Pause \'N Serve),D40103B
Hamilton Beach Commercial Hospitality Coffeemaker,D40201
Indoor Grilling for Dummies Book (D426),D426
60 Cup Commercial Coffee Urn (D50065),D50065
Rio Commercial Bar Blender (HBB250R),HBB250R
Rio Commercial Bar Blender - Stainless Steel (HBB250SR),HBB250SR
908 Commercial Bar Blender (HBB908),HBB908
909 Commercial Bar Blender (HBB909),HBB909
Fury High-Performance Blender (HBH550),HBH550
Tempest High-Performance Blender (HBH650),HBH650
Commercial Immersion Mixer (HMI200),HMI200
Large 1.8L Liter Cordless Kettle (K6080),K6080
6 Quart Slow Cooker (R1505),R1505
Proctor Silex Commercial Bar Blender,51000
Tango Commercial Bar Blender,HBH450R
Eclipse Commercial Bar Blender w/ Quiet Blend Technology,HBH750
Summit Bar Blender,HBH850
Revolution Shaver Blender,HBS1400
Single Spindle Drink Mixer,HMD200
Wall-Mount Single Spindle Drink Mixer,HMD300
Triple Spindle Drink Mixer,HMD400
Mix 'n Chill ,94950
Mix 'n Chill with pre-programmed controls,HMD900
Commercial Juicer,96700
BrewStation Coffee Urn,D43012B
BrewStation 45 Cup Coffee Urn,HCU045S
BrewStation 65 Cup Coffee Urn,HCU065S
BrewStation 110 Cup Coffee Urn,HCU110S
Single Spindle Drink Mixer,60200
Commercial 40 Cup Coffee Urn,45040
Commercial 60 Cup Coffee Urn,45060
Commercial 100 Cup Coffee Urn,45100
Commercial 2 slice toaster,22850
Commercial 4 slice toaster,24850
4 slot commercial toaster,HTS450
5 slot commercial toaster,HTS455
Blender with polycarbonate container,HBF500
Blender with stainless container,HBF500S
Tournant 3 speed blender,HBF600
Tournant 3 speed blender,HBF600S
18 quart roaster Oven ,32918
60 Cup rice cooker,37560
7 quart stand mixer,CPM700
Immersion blender,HMI200
