Product ID,Code,Brand,Title,Subtitle
1003100,AXK15-48-006,Axkid,Minikid Group 1/2 Car Seat,Red
577842,BAB20064,Sock Ons,Vibrant Sock On,Charcoal 6-12 Months
375464,BAB81060,Summer Infant,Teats - Twin Pack - Slow Flow Level 1,
374897,BAB90065,Clippasafe,Bath Toy Bag,
374950,BAB90152,Clippasafe,Mini Bath Mat,
577008,BAB111158,Breathable Baby,Mesh Cot Liner,Animal 2 by 2
375417,BAB140500,Summer Infant,Seat Back Protector 2 Pack,
374912,BAB150018,Clippasafe,Drawer & Cupboard Child Safety Locks,(6 Pack)
374956,BAB150036,Clippasafe,Plug In Socket Night Light,
374907,BAB150207,Clippasafe,Blind Child Safety Drawcord Shortener,(2 pcs)
374991,BAB150442,Clippasafe,1 Pack Self Adhesive General Purpose Child Safety Locks (2 Per Pack),
374810,BAB150552,BabyDan,Wooden Bed Rail Guard,Natural
374807,BAB150785,BabyDan,Tv Strap (Carded),
374973,BAB150807,Clippasafe,Pressure Fit Gate - Wood & Metal 72-80cm,
374793,BAB150834,BabyDan,Furniture Strap,(2 pcs)
374809,BAB150843,BabyDan,Window Lock,
806443,BAB150936,BabyDan,Extend-A-Guard Extension Kit for Guard Me,24cm
784529,BAB150962,Clippasafe,TV Strap,
374857,BAB160518,Bumbo,Baby Seat Tray,
500112,BAB160526,Clippasafe,Daysack Back Pack With Reins,Penguin
836187,BBIBB20-001,BabaBing!,FlipOut Changing Mat,Black
832039,BBIBB25-001,BabaBing!,DayTripper Paternity Satchel,Black
836215,BBIBB30-002,BabaBing!,RockOut Rocker,
832006,BBIBB31-001,BabaBing!,DayTripper Lite Satchel,Midnight Blue
836199,BBIBB35-001,BabaBing!,LoBo 2 Bouncer,
836189,BBIBB40-001,BabaBing!,HotPoc Bottle Warmer,
810611,BBN005022,BabyBjorn,Bouncer Balance Soft,Cotton - Black & Dark Grey
807875,BBN023056,BabyBjorn,Original Carrier,Cotton - Black
807878,BBN023071,BabyBjorn,Original Carrier,Cotton - Black Spirit
810601,BBN040248,BabyBjorn,Travel Cot Light,Silver
808665,BBN051013,BabyBjorn,Smart Potty,Turquoise
808642,BBN051015,BabyBjorn,Smart Potty,Ocean Blue
808614,BBN055162,BabyBjorn,Potty Chair,Spring Green
808836,BBN058024,BabyBjorn,Toilet Trainer Seat,Snow White / Bright Red
808833,BBN058028,BabyBjorn,Toilet Trainer Seat,Snow White / Pitch Black
810609,BBN080500,BabyBjorn,Bouncer Wooden Toy Bar,Googly Eyes
807856,BBN091025,BabyBjorn,One Carrier,Mesh - Black
730852,BES515170,BeSafe,iZi Up X3 Fix Car Seat Group 2/3,Ruby Red
821220,BES539046,BeSafe,iZi Combi X4 Car Seat Group 0+/1,Car Interior
426870,BES553037,BeSafe,iZi Go Group 0+ Car Seat,Red/Grey
986623,BES560002,BeSafe,iZi Go Modular i-Size Infant Carrier,Metallic Melange
986628,BES560057,BeSafe,iZi Go Modular i-Size Infant Carrier,Black Cab
986629,BES569500,BeSafe,iZi Modular i-Size ISOFIX Base,
986645,BES580002,BeSafe,iZi Modular i-Size Car Seat,Metallic Melange
986767,BES580064,BeSafe,iZi Modular i-Size Car Seat,Black Cab
760637,BJR14-26-022,Baby Jogger,Footmuff,Multi - Black
760638,BJR14-26-023,Baby Jogger,Footmuff,Multi - Crimson
650972,BPR20262,Safety 1st,Socket Covers,Pack of 6
650923,BPR20358,Prince Lionheart,Cooker Guard,
650354,BPR22049,Doidy Cup,Training Sippy Drinking Cup,Yellow
650347,BPR22050,Doidy Cup,Training Sippy Drinking Cup,Pink
650598,BPR23491,Kids Kit,Baby Bug Potty,Pink Beige
650217,BPR23786,Baby Banz,Mini Ear Defenders,Pink
650204,BPR23787,Baby Banz,Mini Ear Defenders,Blue
650818,BPR24095,Pipsy Koala,On the Go Booster Seat,
650481,BPR24154,Great Gizmos,Red Pull Cart,
650450,BPR24402,Goldbug,Harness Buddy,Dinosaur
650480,BPR24407,Great Gizmos,Ride On Tractor and Trailer,
650471,BPR24534,Great Gizmos,Baby Walker Truck,Red
650881,BPR24775,Prince Lionheart,Child View Mirror,Black / Grey
650238,BPR24808,Beautiful Beginnings,Fridge & Freezer Locks,2 Pack
650824,BPR24819,Pipsy Koala,Unisex Changing Bag,
650904,BPR24870,Prince Lionheart,Soft Booster Seat,Gumball Green
650748,BPR24889,Mimijumi,Very Hungry Bottle,8oz
650747,BPR24890,Mimijumi,Not So Hungry Bottle,4oz
650861,BPR24985,Polar Gear,Lunch Pod 500mls,Turquiose
650877,BPR24994,Prince Lionheart,Soft Booster Seat,Berry Blue
650879,BPR25057,Prince Lionheart,Booster Pod,Berry Blue
650901,BPR25058,Prince Lionheart,Booster Pod,Flashbulb Fuschia
651083,BPR25062,Very Hungry Caterpillar,Roller Sunblinds,2 Pack
651086,BPR25129,Very Hungry Caterpillar,Neck Roll,
650796,BPR25179,Nuby,Octopus Floating Bath Toy,
650797,BPR25180,Nuby,Splish Splash Stacking Cups,
661830,BPR25194,Wow Gear,No Spill Toddler Drinking Sippy Cup,Purple
661831,BPR25195,Wow Gear,No Spill Toddler Drinking Sippy Cup,Blue
851433,BPR25537,Polar Gear,Peppa Pig Microwave Bowl,
851492,BPR25588,Kids Kit,3 in 1 Toilet Trainer,Black and White
779855,BSLIMPCSADLB,BabyStyle,Car Seat Adaptors,Imp LB321
779856,BSLIMPCSADMU,BabyStyle,Car Seat Adaptors,Imp Multi
1012346,BSLLAHOLOAK,BabyStyle,Hollie Cot Bed,Honey Oak
1012353,BSLLAHOLWAL,BabyStyle,Hollie Cot Bed,Rich Walnut
1012363,BSLLATRSIOA,BabyStyle,Trilogy Cot Bed,Honey Oak
1012364,BSLLATRSIWA,BabyStyle,Trilogy Cot Bed,Rich Walnut
781350,BSLMAX2CHBLACCBLACK/KIT,BabyStyle,Oyster Max with Carrycot and Colour Packs,Black Chassis in Black
784927,BSLO2CHBLA,BabyStyle,Oyster 2 Chassis,Black
1060385,BSLO2CHZI,BabyStyle,Oyster 2 Special Edition,City Grey
796200,BSLOPARSMBL,BabyStyle,Oyster Parasol,
796204,BSLORIDEON,BabyStyle,Oyster Ride On Board,
784402,BSLOSLJAZ,BabyStyle,Oyster Colour Pop Seat Liner,Jazz
1039911,BSLOSWBLAC,BabyStyle,Oyster Switch Stroller,Black
1039030,BSLOSWGRAP,BabyStyle,Oyster Switch Stroller,Grape
1039897,BSLOSWSLAT,BabyStyle,Oyster Switch Stroller,Slate Grey
586063,BTX2000007847,Britax,Eclipse Group 1 Car Seat,Chili Pepper
586064,BTX2000007848,Britax,Eclipse Group 1 Car Seat,Dark Grape
586040,BTX2000011759,Britax,B-Agile 4 Pushchair,Blue Sky
586039,BTX2000011760,Britax,B-Agile 4 Pushchair,Chili Pepper
1032230,BTX2000022444,Britax R&#246;mer,KIDFIX XP SICT Group 2/3 Car Seat,Flame Red
1032231,BTX2000022445,Britax R&#246;mer,KIDFIX XP SICT Group 2/3 Car Seat,Ocean Blue
1032246,BTX2000022477,Britax R&#246;mer,KIDFIX SL SICT Group 2-3 Car Seat,Cosmos Black
1032250,BTX2000022478,Britax R&#246;mer,KIDFIX SL SICT Group 2-3 Car Seat,Flame Red
1031368,BTX2000022706,Britax R&#246;mer,SAFEFIX PLUS Group 1 Car Seat,Cosmos Black
1031386,BTX2000022707,Britax R&#246;mer,SAFEFIX PLUS Group 1 Car Seat,Flame Red
1031600,BTX2000022753,Britax R&#246;mer,DUO PLUS Group 1 Car Seat,Cosmos Black
1031606,BTX2000022754,Britax R&#246;mer,DUO PLUS Group 1 Car Seat,Flame Red
1028450,BTX2000022819,Britax R&#246;mer,DUALFIX Group 0+/1 Isofix Car Seat,Cosmos Black
1028451,BTX2000022820,Britax R&#246;mer,DUALFIX Group 0+/1 Isofix Car Seat,Flame Red
1032166,BTX2000022871,Britax R&#246;mer,EVOLVA 123 PLUS Group 1/2/3 Car Seat,Black Cosmos
1032177,BTX2000022872,Britax R&#246;mer,EVOLVA 123 PLUS Group 1/2/3 Car Seat,Flame Red
1029442,BTX2000022945,Britax R&#246;mer,FIRST CLASS PLUS Group 0/1 Car Seat,Cosmos Black
1029460,BTX2000022946,Britax R&#246;mer,FIRST CLASS PLUS Group 0/1 Car Seat,Flame Red
1032414,BTX2000023181,Britax,Hard Carrycot,Cosmos Black
1028228,BTX2000023263,Britax R&#246;mer,BABY-SAFE PLUS SHR II Group 0+ Infant Carrier,Cosmos Black
1028252,BTX2000023264,Britax R&#246;mer,Baby-Safe Plus SHR II Group 0+ Infant Carrier,Flame Red
1031684,BTX2000024474,Britax R&#246;mer,ECLIPSE Group 1 Car Seat,Black Thunder
1044793,BTX2000024478,Britax R&#246;mer,EVOLVA 123 Group 1/2/3 Car Seat,Black Thunder
1044794,BTX2000024482,Britax R&#246;mer,PRINCE Group 1 Car Seat,Black Thunder
1064661,BTX2000024484,Britax R&#246;mer,ADVENTURE Group 2/3 Car Seat,Cosmos Black
1032256,BTXKIDFIXSL-GROUP,Britax R&#246;mer,KIDFIX SL Group 2/3 ISOFIX Car Seat,
595436,BTXKIDFIXSLSICT-GROUP,Britax R&#246;mer,KIDFIX SL SICT Group 2/3 ISOFIX Car Seat,
1086820,BZN07722BBZ09,Babyzen,Footmuff,Blue
1086822,BZN07722BBZ10,Babyzen,Footmuff,Pink
1086826,BZN07722BBZ12,Babyzen,Footmuff,Red
1080114,BZNUK10105-01,Babyzen,YOYO+ 0 Months+ Newborn Pack,Blue
1080120,BZNUK10105-02,Babyzen,YOYO+ 0 Months+ Newborn Pack,Pink
1080513,BZNYOYO0BBLK/KIT,Babyzen,YOYO+ Newborn Pushchair Black Frame,Black
1080505,BZNYOYO0BBLUE/KIT,Babyzen,YOYO+ Newborn Pushchair Black Frame,Blue
1080562,BZNYOYO0WBLK/KIT,Babyzen,YOYO+ Newborn Pushchair White Frame,Black
1080339,BZNYOYO6BBLK/KIT,Babyzen,YOYO+ 6 Months+ Pushchair Black Frame,Black
1080279,BZNYOYO6BBLUE/KIT,Babyzen,YOYO+ 6 Months+ Pushchair Black Frame,Blue
1080346,BZNYOYO6WGREY/KIT,Babyzen,YOYO+ 6 Months+ Pushchair White Frame,Grey
1080349,BZNYOYO6WPINK/KIT,Babyzen,YOYO+ 6 Months+ Pushchair White Frame,Pink
1040019,CCDLI0964BS,Concord,Lima Travel High Chair,Almond Beige
1040063,CCDLI0971BS,Concord,Lima Travel High Chair,Midnight Black
1036441,CCDREV0971,Concord,Reverso Plus i-Size Car Seat to 106cm,Midnight Black
1032172,CCDREV0972,Concord,Reverso Plus I-size Car Seat to 106cm,Graphite Grey
1040170,CCDSP0966BS,Concord,Spin Highchair,Chocolate Brown
1040124,CCDSP0967BS,Concord,Spin Highchair,Raspberry Pink
1040188,CCDWD0961BS,Concord,Wanderer Buggy,Raven Black
1040381,CCDWD0962BS,Concord,Wanderer Buggy,Stone Grey
723995,CCO04067691670930,Chicco,Polly Swing,Lilla
724000,CCO04079028410930,Chicco,Band Baby Walker,Turquoise
1012265,CCO04079339020930,Chicco,Next 2 Me Crib,Circles
1022318,CCO05079065090930,Chicco,Polly 2 in 1 High Chair,Denim
722230,CCO05079065780930,Chicco,Polly 2 in 1 High Chair,Sunny
1012264,CCO05079339090930,Chicco,Next 2 Me Crib,Denim
724025,CCO05079340760000,Chicco,Pocket Snack Booster Seat,Mandarino
1022338,CCO05079341850930,Chicco,Pocket Lunch High Chair,Moonlight
1021122,CCO06079310040930,Chicco,Echo Stroller,Ibiza
1021123,CCO06079310240930,Chicco,Echo Stroller,Sea Green
724051,CCO06079311220930,Chicco,Echo Twin Stroller,Coal
697291,CCO06079316950930,Chicco,Multiway Evo Stroller,Black
724056,CCO06079349150930,Chicco,Balloon Bouncer,Spring
1022621,CCO06079415480930,Chicco,123 Activity Centre Baby Walker,Light Blue
724313,CCO07060888350930,Chicco,Liteway Top Stroller,Purple
724315,CCO07060888500930,Chicco,Liteway Top Stroller,Ombra
687900,CCO07079028320930,Chicco,Band Baby Walker,Green Wave
724321,CCO07079028490930,Chicco,Band Baby Walker,Silver
724326,CCO07079110470930,Chicco,Polly Swing Up,Grey
724327,CCO07079110930930,Chicco,Polly Swing Up,Red Wave
724333,CCO07079339720930,Chicco,Next 2 Me Side Sleeping Crib,Dove Grey
1021604,CCO07079540320930,Chicco,Walky Talky Baby Walker,Green Wave
724348,CCO08079923300930,Boppy,Total Body Pillow,Silverleaf
724006,CCOECHOSTROLLER-GROUP,Chicco,Echo Stroller,
475338,CSTCT2648,Cosatto,Comfi Kip Fibre Mattress,Cot Bed (120 x 60cm)
475308,CSTCT2649,Cosatto,Comfi Kip Fibre Mattress,Cot Bed (140 x 70cm)
475302,CSTCT2650,Cosatto,Springi 120 x 60cm Fibre Cot Mattress,
475303,CSTCT2651,Cosatto,Springi 140 x 70cm Fibre Cot Bed Mattress,
521545,CSTCT2664,Cosatto,Hold ISOFIX Base,
475284,CSTCT2668A,Cosatto,Springi Supa 140 x 70cm Cot Bed Mattress,
1003358,CSTCT2680,Cosatto,Shuffle Tandem Pushchair,All Star
357115,CSTCT2765,Cosatto,Hug Reclining Car Seat Group 1/2/3,All Star
441668,CSTCT2827,Cosatto,Noodle Supa High Chair,Dilly Dolly
441681,CSTCT2828,Cosatto,Noodle Supa High Chair,Henhouse
521482,CSTCT2885,Cosatto,3 Sixti High Chair,Pixelate
630910,CSTCT2919,Cosatto,Zoomi Group 1/2/3 Car Seat,C-Rex
630913,CSTCT2920,Cosatto,Zoomi Group 1/2/3 Car Seat,Poppidelic
629497,CSTCT2925,Cosatto,Yo! Special Edition Stroller,Mollie Millie
729210,CSTCT2970,Cosatto,Supa Pushchair - Free Raincover,Flamingo Fling
727411,CSTCT2971,Cosatto,Giggle 2 Travel System,Flamingo Fling
783829,CSTCT2971/CSTCT2972KIT,Cosatto,3 in 1 Giggle 2 Travel System Package,Flamingo Fling
727358,CSTCT2972,Cosatto,Hold Group 0+ Car Seat,Flamingo Fling
729224,CSTCT3018,Cosatto,Waffle Highchair,Pitter Patter
729230,CSTCT3019,Cosatto,Waffle Highchair,Strudel
727380,CSTCT3020,Cosatto,Giggle 2 Travel System,Firebird
730462,CSTCT3034,Cosatto,Hold Group 0+ Car Seat,Old Skool
730464,CSTCT3035,Cosatto,Hold Group 0+ Car Seat,Tropico
944338,CSTCT3040,Cosatto,Noodle Supa High Chair,Monster Mash 2
899103,CSTCT3056,Cosatto,Moova 2 Car Seat,Cuddle Monster 2
904879,CSTCT3057,Cosatto,Moova 2 Car Seat,Twee Twoo
851715,CSTCT3059,Cosatto,Zoomi Group 1/2/3 Car Seat,Cuddle Monster 2
904906,CSTCT3117,Cosatto,Hubbub Group 1/2/3 ISOFIX Car Seat,Twee Twoo
904931,CSTCT3118,Cosatto,To & Fro Duo Twin Pushchair,Pitter Patter
1003371,CSTCT3140,Cosatto,Shuffle Tandem Pushchair,Pixelate
1003216,CSTCT3142,Cosatto,Port Group 0+ Infant Carrier and ISOFIX Base,Fox Tale
1003399,CSTCT3147,Cosatto,Waffle Highchair,Pippy
1003382,CSTCT3149,Cosatto,3 Sixti High Chair,Hapi Apples 2
1003383,CSTCT3150,Cosatto,3 Sixti High Chair,Milkshake
1003384,CSTCT3151,Cosatto,3 Sixti High Chair,Chopsticks
1003262,CSTCT3176,Cosatto,Supa Pushchair - Free Raincover,Hustle Bustle
1003259,CSTCT3177,Cosatto,Supa Pushchair - Free Raincover,Kokeshi Smile
1003600,CSTCT3201,Cosatto,Yo 2 Stroller,Golightly 2
1003605,CSTCT3202,Cosatto,Yo 2 Stroller,Go Brightly
1003717,CSTCT3204,Cosatto,Hubbub Group 1/2/3 ISOFIX Car Seat with 5 Point Plus,Cuddle Monster 2
1003715,CSTCT3205,Cosatto,Hubbub Group 1/2/3 ISOFIX Car Seat with 5 Point Plus,Kokeshi Smile
1003467,CSTCT3209,Cosatto,Fly Travel System,Fox Tale
1003976,CSTCT3210,Cosatto,Hug ISOFIX Group 1/2/3 Car Seat with 5 Point Plus,Kokeshi Smile
1003979,CSTCT3211,Cosatto,Hug ISOFIX Group 1/2/3 Car Seat with 5 Point Plus,Cuddle Monster 2
1003222,CSTCT3251,Cosatto,Port Group 0+ Infant Carrier and ISOFIX Base,Pixelate
1003647,CSTCT3252,Cosatto,Moova 2 Car Seat with 5 Point Plus,Cuddle Monster 2
1003669,CSTCT3255,Cosatto,Zoomi Group 1/2/3 Car Seat with 5 Point Plus,Dilly Dolly
1003672,CSTCT3256,Cosatto,Zoomi Group 1/2/3 Car Seat with 5 Point Plus,Flamingo Fling
1003972,CSTCT3259,Cosatto,Hug ISOFIX Group 1/2/3 Car Seat with 5 Point Plus,Daisy Dot
1003964,CSTCT3260,Cosatto,Hug ISOFIX Group 1/2/3 Car Seat with 5 Point Plus,Pixelate
744284,CSTCTOOBACHARLESTON/KIT,Cosatto,Ooba 3 in 1 Pushchair Travel System and Car Seat,Charleston
589578,CYB511411002,Cybex,Cup Holder,
589590,CYB513125002,Cybex,Aton Base 2 Belted Base,
589591,CYB513126002,Cybex,Aton Base 2-Fix Isofix Base,
727048,CYB515114013,Cybex,Solution M-Fix Car Seat Group 2/3,Black Sea
1004100,CYB516104019,Cybex,Aton 4 Car Seat Group 0+,Mars Red
1004101,CYB516104021,Cybex,Aton 4 Car Seat Group 0+,Royal Blue
1004103,CYB516104023,Cybex,Aton 4 Car Seat Group 0+,Manhattan Grey
1006630,CYB516122017,Cybex,Sirona M i-Size 40 to 105cm Car Seat,Happy Black
1006634,CYB516122019,Cybex,Sirona M i-Size 40 to 105cm Car Seat,Olive Khaki
1006635,CYB516122021,Cybex,Sirona M i-Size 40 to 105cm Car Seat,Mars Red
1005868,CYB516133001,Cybex,Pallas M Car Seat Group 1/2/3,Happy Black
1005871,CYB516133003,Cybex,Pallas M Car Seat Group 1/2/3,Olive Khaki
1005879,CYB516133005,Cybex,Pallas M Car Seat Group 1/2/3,Mars Red
1005621,CYB516134001,Cybex,Pallas M-Fix Car Seat Group 1/2/3,Happy Black
1005622,CYB516134003,Cybex,Pallas M-Fix Car Seat Group 1/2/3,Olive Khaki
1005623,CYB516134005,Cybex,Pallas M-Fix Car Seat Group 1/2/3,Mars Red
1006071,CYB516146001,Cybex,Solution M-Fix Car Seat Group 2/3,Happy Black
1006081,CYB516146003,Cybex,Solution M-Fix Car Seat Group 2/3,Olive Khaki
1006086,CYB516146005,Cybex,Solution M-Fix Car Seat Group 2/3,Mars Red
1006088,CYB516146007,Cybex,Solution M-Fix Car Seat Group 2/3,Royal Blue
1006089,CYB516146009,Cybex,Solution M-Fix Car Seat Group 2/3,Manhattan Grey
1006092,CYB516146011,Cybex,Solution M-Fix Car Seat Group 2/3,Phantom Grey
956073,CYB516151003,Cybex,Juno 2-Fix Group 1 Car Seat,Olive Khaki
956075,CYB516151005,Cybex,Juno 2-Fix Group 1 Car Seat,Mars Red
956076,CYB516151007,Cybex,Juno 2-Fix Group 1 Car Seat,Royal Blue
1060386,DIO120-GROUP,Diono,Radian 5 Group 0+/1/2 Car Seat,
852520,DIO15070,Diono,Monterey 2 Group 2/3 Car Seat,Black
852524,DIO15071,Diono,Monterey 2 Group 2/3 Car Seat,Blue
883302,DIO40100,Diono,Cool Shade,
891314,DIO40111,Diono,Easy View Mirror,
891325,DIO40121,Diono,Grip It,
891327,DIO40140,Diono,Sit Rite,
891332,DIO40150,Diono,Sure Fit,
891337,DIO40155,Diono,Seat Shade,
891357,DIO40175,Diono,Sure Steps,
891364,DIO40190,Diono,Warm 'n Go,
891385,DIO40230,Diono,Stuff 'n' Scuff,
891391,DIO40241,Diono,Ultra Mat,
891404,DIO40245,Diono,Stow 'n Go,
891406,DIO40270,Diono,Bag It,
891408,DIO40275,Diono,Sun Stoppers,
891411,DIO40280,Diono,Sun Stop,
891416,DIO40285,Diono,Cuddle Soft,
891418,DIO40305,Diono,Travel Pal,
891422,DIO40311,Diono,Heatblock Sun & Insect Net,
891430,DIO40320,Diono,Change 'n Go,
891431,DIO40321,Diono,Travel Changer,
891484,DIO40331,Diono,Travel Bag,
891507,DIO40340,Diono,Buggy Bag,
891517,DIO40395,Diono,Buggy Buddy,
891519,DIO40400,Diono,Dry Seat,
891523,DIO40401,Diono,Ultra Dry Seat,
891524,DIO40502,Diono,Super Mat,
891702,DIO40504,Diono,Seat Guard,
891541,DIO40506,Diono,Seat Guard Complete,
892195,DIO60341,Diono,Easy View Plus Mirror,
892197,DIO60346,Diono,See Me Too Mirror,
892212,DIO60351,Diono,Stroller Cup Holder,
892215,DIO60355,Diono,My Handle,
1063924,ECN756-GROUP,East Coast Nursery,Angelina Cot Bed,
956131,ECN4364ND,East Coast Nursery,Anna Dropside Cot,Cocoa
956137,ECN4365ND,East Coast Nursery,Anna Dropside Cot,Antique
956139,ECN4366ND,East Coast Nursery,Anna Dropside Cot,White
1063668,ECN7705,East Coast Nursery,Moses Stand,White
1065241,ECN7744,East Coast Nursery,Fontana Cot Bed,
956091,ECN7838,East Coast Nursery,Toulouse Cot Bed,
956101,ECN7839,East Coast Nursery,Toulouse Dresser,
956113,ECN7840,East Coast Nursery,Toulouse Wardrobe,
1011058,ECN7842,East Coast Nursery,Devon Cot Bed and Drawer,
1011087,ECN7843,East Coast Nursery,Devon Dresser,
1011115,ECN7847,East Coast Nursery,Monaco Cot Bed and Drawer,
1011098,ECNDEVON-2,East Coast Nursery,Devon 2 Piece Room Set,
1011109,ECNDEVON-3,East Coast Nursery,Devon 3 Piece Room Set,
1011151,ECNMONACO-2,East Coast Nursery,Monaco 2 Piece Room Set,
1011154,ECNMONACO-3,East Coast Nursery,Monaco 3 Piece Room Set,
1011017,ECNTOULOUSE-2,East Coast Nursery,Toulouse 2 Piece Room Set,
956117,ECNTOULOUSE-3,East Coast Nursery,Toulouse 3 Piece Room Set,
458401,ESOEDZCP,EDZ Kidz,Childrens Ear Defenders,Black
458402,ESOEDZGP,EDZ Kidz,Childrens Ear Defenders,Green
760565,FMS14-01-004,4moms,rockaRoo Baby Rocker,Classic Grey
760567,FMS14-01-005,4moms,rockaRoo Baby Rocker,Plush Silver
760560,FMS15-01-001,4moms,mamaRoo 3.0 Baby Rocker,Plush Silver
760559,FMS15-01-002,4moms,mamaRoo 3.0 Baby Rocker,Plush Multi
923345,GRA1818676,Graco,Evo Stroller,Pit Stop
923370,GRA1818681,Graco,Junior Baby Group 0+ Car Seat,Pit Stop
918511,GRA1818788,Graco,Evo Carrycot,Pit Stop
923391,GRA1914033,Graco,Ready 2 Grow Tandem Stroller,
900815,GROAAA3274,The Gro Company,Grobag Peek A Boo,0-6 Months (2.5 Tog)
900818,GROAAA3275,The Gro Company,Grobag Peek A Boo,6-18 Months (2.5 Tog)
900820,GROAAA3276,The Gro Company,Grobag Peek A Boo,18-36 Months (2.5 Tog)
900922,GROAAA3317,The Gro Company,Anorak Grobag Kissing Squirrels,0-6 Months (1.0 Tog)
900923,GROAAA3318,The Gro Company,Anorak Grobag Kissing Squirrels,6-18 Months (1.0 Tog)
900924,GROAAA3319,The Gro Company,Anorak Grobag Kissing Squirrels,18-36 Months (1.0 Tog)
911962,GROAFA1003,The Gro Company,Gro-Snug 2 in 1 Swaddle and Sleeping Bag,Grey Marl (Light)
913184,GROAHA0054,The Gro Company,Gro to Bed Bedding Set,Daisy Dreams (Cot Bed)
913232,GROHD026,The Gro Company,Gro-Light,Bayonet Fitting
913235,GROHD030,The Gro Company,Gro-Light,Edison E27 Screw Fitting
913228,GROHE001,The Gro Company,Gro-Egg Shell,Orla the Owl
913229,GROHE002,The Gro Company,Gro-Egg Shell,Percy the Penguin
315976,HAU132562,Hauck,Roma Lightweight Pushchair,Caviar/Berry
609729,HAU132579,Hauck,Roma Lightweight Pushchair,Rainbow/Petrol
315899,HAUH-35901,Hauck,Spirit Buggy,Caviar/Silver
315879,HAUH-35902,Hauck,Spirit Buggy,Caviar/Berry
595898,HAUH-60743,Hauck,Baby Center Play Pen & Travel Cot,Bear
595899,HAUH-60746,Hauck,Baby Center Play Pen & Travel Cot,Pink Butterfly
802385,HAUH-60806,Hauck,Dream N Care Travel Cot & Play Pen,Bear
310057,HAUH-60909,Hauck,Varioguard Group 0+/1 Child Car Seat,Black/Red
310058,HAUH-60910,Hauck,Varioguard Group 0+/1 Child Car Seat,Black/Beige
310059,HAUH-60911,Hauck,Varioguard Group 0+/1 Child Car Seat,Black/Pink
1059134,HAUH-61503,Hauck,Guardfix Group 1 Car Seat,Black/ Aqua
595936,HAUH-63337,Hauck,Bungee Deluxe Floor Rocker,Cross
595935,HAUH-63338,Hauck,Disney Bungee Deluxe Bouncer,Pooh Tidy Time
609696,HAUH-63420,Hauck,Leisure E-Motion Lounger Bouncer,Fruits
609750,HAUH-66507,Hauck,Sit N Relax High Chair,Fruits
351867,HAUH-66510,Hauck,Sit N Relax High Chair,Zoo
627629,HIPHCFBP1C,Hippychick,Waterproof Cotton Mattress Protector,Fitted Sheet - Cot Bed (70x140cm)
627630,HIPHCFBP2S,Hippychick,Waterproof Cotton Mattress Protector,Fitted Sheet - Single Bed (90x190cm)
627626,HIPHCFBP3D,Hippychick,Waterproof Cotton Mattress Protector,Fitted Sheet - Double Bed (140x190cm)
627627,HIPHCFBP4K,Hippychick,Waterproof Cotton Mattress Protector,Fitted Sheet - Kingsize Bed (150x200cm)
627579,HIPHHZ03,Happy Hopperz,Ride On Bouncing Toy,Pink Dog
627575,HIPHHZ04,Happy Hopperz,Ride On Bouncing Toy,Blue Dog
627580,HIPHHZ06,Happy Hopperz,Ride On Bouncing Toy,Pink Horse
627583,HIPHHZ08,Happy Hopperz,Ride On Bouncing Toy,Red Bull
627573,HIPHHZ09,Happy Hopperz,Ride On Bouncing Toy,Blue Bull
627576,HIPHHZ11,Happy Hopperz,Ride On Bouncing Toy,Green Dino
627771,HIPMVPRAMMININ,Moover,Wooden Mini Dolls Pram,Natural
627768,HIPMVPRAMR,Moover,Wooden Dolls Pram,Red
627763,HIPMVTRUCKR,Moover,Wooden Baby Truck,Red
1004541,HIPNATCRO777353,Nattou,Rocker,Noa the Horse
1004462,HIPNATELE655521,Nattou,Rocker,Rose the Elephant
1004535,HIPNATELE655538,Nattou,Rocker,Charlotte the Giraffe
627807,HIPNATGAS531078,Nattou,Musical Cuddly Toy,Gaston the Horse (Small)
627806,HIPNATGAS531085,Nattou,Musical Cuddly Toy,Cyril The Dog (Small)
627823,HIPNATGAS531276,Nattou,Rocker,Cyril The Dog
627965,HIPWBBEEL,Wheely Bug,Ride On Toy,Bee (Large)
627966,HIPWBBEES,Wheely Bug,Ride On Toy,Bee (Small)
627967,HIPWBCOWL,Wheely Bug,Ride On Toy,Cow (Large)
627968,HIPWBCOWS,Wheely Bug,Ride On Toy,Cow (Small)
627969,HIPWBHEDG,Wheely Bug,Ride On Toy,Hedgehog (Small)
627970,HIPWBLBL,Wheely Bug,Ride On Toy,Ladybird (Large)
627971,HIPWBLBS,Wheely Bug,Ride On Toy,Ladybird (Small)
627972,HIPWBMSL,Wheely Bug,Ride On Toy,Mouse (Large)
627973,HIPWBMSS,Wheely Bug,Ride On Toy,Mouse (Small)
627974,HIPWBPANDA,Wheely Bug,Ride On Toy,Panda (Small)
627975,HIPWBPIGL,Wheely Bug,Ride On Toy,Pig (Large)
627976,HIPWBPIGS,Wheely Bug,Ride On Toy,Pig (Small)
627977,HIPWBTIGL,Wheely Bug,Ride On Toy,Tiger (Large)
627978,HIPWBTIGS,Wheely Bug,Ride On Toy,Tiger (Small)
704858,ICKORBBLUEBLACK,Ickle Bubba,Orb High Chair,Blue/Black
704855,ICKORBBLUEWHITE,Ickle Bubba,Orb High Chair,Blue/White
704845,ICKORBGREENBLACK,Ickle Bubba,Orb High Chair,Green/Black
704843,ICKORBGREENWHITE,Ickle Bubba,Orb High Chair,Green/White
1024588,ICKSTOMPV3-BLACK,Ickle Bubba,Stomp V3 All in One Travel System,Black/Silver
1024611,ICKSTOMPV3-BLACK-ISO,Ickle Bubba,Stomp V3 All in One Travel System with Isofix Base,Black/Silver
408848,INTH510AK-442-RE,Peltor,Childs Ear Defender,Neon Pink
766566,JAL14-01-021,Kids Embrace,Friendship Combination Group 1/2/3 Car Seat,TMNT
832128,JAL14-01-022,Kids Embrace,Friendship Combination Group 1/2/3 Car Seat,Dora the Explorer
770059,JOIC0902GAEBN000,Joie,Tilt Group 0+/1 Car Seat,Ebony
770074,JOIC0911AEBLC220,Joie,Gemm Group 0+ Car Seat,Black Carbon
770185,JOIC0925CDCRB000,Joie,Stages Group 0+/1/2 Car Seat,Caribbean
770186,JOIC0925CDCVR000,Joie,Stages Group 0+/1/2 Car Seat,Caviar
1044931,JOIC1034BASLA000,Joie,Duallo Group 2/3 ISOFIX Car Seat ISOFIX,Salsa
770248,JOIC1101ACBLC000,Joie,Juva Group 0+ Car Seat,Black Carbon
770415,JOIC1126BALQR220,Joie,i-Anchor Group 0+/1 Car Seat,Liquorice
1044763,JOIC1209AASLA000,Joie,Every Stage Group 0+/1/2/3 Car Seat,Salsa
1044750,JOIC1209AATTB000,Joie,Every Stage Group 0+/1/2/3 Car Seat,Two Tone Black
770550,JOIC1220BBSLA000,Joie,Trillo Group 2/3 Car Seat,Salsa
770582,JOIC1220DACBS000,Joie,Trillo Shield Group 1/2/3 Car Seat,Cyberspace
770610,JOIC1404AAPAV000,Joie,i-Gemm Group 0+ Car Seat,Pavement
1045206,JOIC1405AACHR000,Joie,Elevate Group 1/2/3 Car Seat,Cherry
1040849,JOIC1413AAMER000,Joie,i-Anchor Advance 40-105cm Car Seat,Merlot
1040844,JOIC1413AATTB000,Joie,i-Anchor Advance 40-105cm Car Seat,Two Tone Black
1045252,JOIH1013CAKBG000,Joie,Mimzy LX Highchair,Khloe & Bert
770788,JOIH1124AANND220,Joie,Mimzy 360 High Chair,New Ned
770856,JOIH1127AAPKL000,Joie,Mimzy Snacker High Chair,Parklife
1052810,JOIP1028EACLD000,Joie,Commuter Change Travel Cot,Cloud
770887,JOIP1028EASHD220,Joie,SecureClick Travel Cot,Commuter Change
770989,JOIS0942EABLU220,Joie,Mirus Scenic Stroller,Bluebell
770996,JOIS0942EAFUA220,Joie,Mirus Scenic Stroller,Fuschia
771592,JOIS1036AHMNB220,Joie,Nitro Stroller,Midnight Blue
771601,JOIS1036BDCRB000,Joie,Nitro LX Stroller,Caribbean
1040505,JOIS1102FACIT000,Joie,Brisk Stroller,Citron
1040519,JOIS1102FATTB000,Joie,Brisk Stroller,Two Tone Black
1040531,JOIS1112DHAPL000,Joie,Litetrax 3 Stroller,Apple
1040535,JOIS1112ZHECL000,Joie,Litetrax 4 Stroller,Eclipse
772024,JOIW1306ABPTT220,Joie,Serina 2 in 1 Rocker,Petite Trees
1006960,KDY41542PF018,Kiddy,Phoenixfix Pro 2 Group 1 ISOFIX Child Car Seat,Marrakech
1006954,KDY41542PF048,Kiddy,Phoenixfix Pro 2 Group 1 ISOFIX Child Car Seat,Mumbai
1006951,KDY41542PF049,Kiddy,Phoenixfix Pro 2 Group 1 ISOFIX Child Car Seat,Sao Paulo
1006989,KDY41542PF051,Kiddy,Phoenixfix Pro 2 Group 1 ISOFIX Child Car Seat,Shanghai
502934,KDY41542PF52,Kiddy,Phoenixfix Pro 2 Group 1 Isofix Child Car Seat,Pink
1006958,KDY41542PF058,Kiddy,Phoenixfix Pro 2 Group 1 ISOFIX Child Car Seat,Honolulu
1006955,KDY41542PF062,Kiddy,Phoenixfix Pro 2 Group 1 ISOFIX Child Car Seat,Oslo
1006991,KDY41542PF064,Kiddy,Phoenixfix Pro 2 Group 1 ISOFIX Child Car Seat,Silverstone
1006949,KDY41542PF068,Kiddy,Phoenixfix Pro 2 Group 1 ISOFIX Child Car Seat,Singapore
1006953,KDY41542PF069,Kiddy,Phoenixfix Pro 2 Group 1 ISOFIX Child Car Seat,Manhattan
1006967,KDY41542PF091,Kiddy,Phoenixfix Pro 2 Group 1 ISOFIX Child Car Seat,Dublin
1007199,KDY41551GF018,Kiddy,Guardianfix Pro 2 ISOFIX Group 1/2/3 Child Car Seat,Marrakech
1007195,KDY41551GF048,Kiddy,Guardianfix Pro 2 ISOFIX Group 1/2/3 Child Car Seat,Mumbai
1007193,KDY41551GF049,Kiddy,Guardianfix Pro 2 ISOFIX Group 1/2/3 Child Car Seat,Sao Paulo
1007202,KDY41551GF051,Kiddy,Guardianfix Pro 2 ISOFIX Group 1/2/3 Child Car Seat,Shanghai
502974,KDY41551GF52,Kiddy,Guardianfix Pro 2 Isofix Group 1/2/3 Child Car Seat,Pink
1007197,KDY41551GF058,Kiddy,Guardianfix Pro 2 ISOFIX Group 1/2/3 Child Car Seat,Honolulu
1007196,KDY41551GF062,Kiddy,Guardianfix Pro 2 ISOFIX Group 1/2/3 Child Car Seat,Oslo
1007203,KDY41551GF064,Kiddy,Guardianfix Pro 2 ISOFIX Group 1/2/3 Child Car Seat,Silverstone
1007192,KDY41551GF068,Kiddy,Guardianfix Pro 2 ISOFIX Group 1/2/3 Child Car Seat,Singapore
1007194,KDY41551GF069,Kiddy,Guardianfix Pro 2 ISOFIX Group 1/2/3 Child Car Seat,Manhattan
394223,KDY41551GF79,Kiddy,Guardianfix Pro 2 Isofix Group 1/2/3 Child Car Seat,Rumba
394224,KDY41551GF80,Kiddy,Guardianfix Pro 2 Isofix Group 1/2/3 Child Car Seat,Sand
502975,KDY41551GF82,Kiddy,Guardianfix Pro 2 Isofix Group 1/2/3 Child Car Seat,Sunshine
1007201,KDY41551GF091,Kiddy,Guardianfix Pro 2 ISOFIX Group 1/2/3 Child Car Seat,Dublin
394227,KDY41551GFE77,Kiddy,Guardianfix Pro 2 Isofix Group 1/2/3 Child Car Seat,Racing Black
1007204,KDY41560SF-GROUP,Kiddy,Smartfix Group 2/3 Car Seat,
1007237,KDY41560SF018,Kiddy,Smartfix Group 2/3 Car Seat,Marrakech
1007252,KDY41560SF048,Kiddy,Smartfix Group 2/3 Car Seat,Mumbai
1007248,KDY41560SF049,Kiddy,Smartfix Group 2/3 Car Seat,Sao Paulo
1007255,KDY41560SF051,Kiddy,Smartfix Group 2/3 Car Seat,Shanghai
1007250,KDY41560SF058,Kiddy,Smartfix Group 2/3 Car Seat,Honolulu
1007243,KDY41560SF062,Kiddy,Smartfix Group 2/3 Car Seat,Oslo
1007246,KDY41560SF064,Kiddy,Smartfix Group 2/3 Car Seat,Silverstone
1007249,KDY41560SF068,Kiddy,Smartfix Group 2/3 Car Seat,Singapore
1007256,KDY41560SF069,Kiddy,Smartfix Group 2/3 Car Seat,Manhattan
1007267,KDY41560SF091,Kiddy,Smartfix Group 2/3 Car Seat,Dublin
732156,KDY41931EL008,Kiddy,Evo-Lunafix Group 0+ Car Seat,Stone
732163,KDY41931EL024,Kiddy,Evo-Lunafix Group 0+ Car Seat,Hawaii
732169,KDY41931EL052,Kiddy,Evo-Lunafix Group 0+ Car Seat,Pink
732170,KDY41931EL063,Kiddy,Evo-Lunafix Group 0+ Car Seat,Heaven
732176,KDY41931EL077,Kiddy,Evo-Lunafix Group 0+ Car Seat,Racing Black
732181,KDY41931EL088,Kiddy,Evo-Lunafix Group 0+ Car Seat,Walnut
732182,KDY41931EL092,Kiddy,Evo-Lunafix Group 0+ Car Seat,Apple
732183,KDY41931EL600,Kiddy,Evo-Lunafix Group 0+ Car Seat,Zebra
1006674,KDY41941EL-GROUP,Kiddy,Evo-Luna i-Size Car Seat and ISOFIX Base,
1006689,KDY41941EL008,Kiddy,Evo-Luna i-Size Car Seat and ISOFIX Base,Stone
1006726,KDY41941EL024,Kiddy,Evo-Luna i-Size Car Seat and ISOFIX Base,Hawaii
1006719,KDY41941EL052,Kiddy,Evo-Luna i-Size Car Seat and ISOFIX Base,Pink
1006727,KDY41941EL063,Kiddy,Evo-Luna i-Size Car Seat and ISOFIX Base,Heaven
1006720,KDY41941EL077,Kiddy,Evo-Luna i-Size Car Seat and ISOFIX Base,Racing Black
1006729,KDY41941EL088,Kiddy,Evo-Luna i-Size Car Seat and ISOFIX Base,Walnut
1006724,KDY41941EL092,Kiddy,Evo-Luna i-Size Car Seat and ISOFIX Base,Apple
1006730,KDY41941EL600,Kiddy,Evo-Luna i-Size Car Seat and ISOFIX Base,Zebra
729301,KOOCT2992,Koochi,Litestar Stroller,Brooklyn AM
729898,KOOCT2993,Koochi,Upstart Car Seat Group 0+,Brooklyn AM
905221,KOOCT3101,Koochi,Kickstart 2 Group 1 Car Seat,Green Hyperwave
905230,KOOCT3103,Koochi,Motohero Group 1/2/3 Car Seat,Green Hyperwave
720667,MCY6415-GROUP,Maxi-Cosi,Priori XP Group 1 Child Car Seat,
720669,MCY6440-GROUP,Maxi-Cosi,Rodi SPS+ Group 2/3 Child Car Seat,
699325,MCY7250-GROUP,Maxi-Cosi,Parasol,
737150,MCY8608-GROUP,Maxi-Cosi,Axiss Group 1 Child Car Seat,
699275,MCY16068-GROUP,Maxi-Cosi,Flexibag Nappy Changing Bag,
1035657,MCY61008-GROUP,Maxi-Cosi,CabrioFix Footmuff,
711933,MCY61758-GROUP,Maxi-Cosi,Cabriofix Group 0+ Child Car Seat,
712676,MCY63058-GROUP,Maxi-Cosi,Pebble Group 0+ Child Car Seat,
1034194,MCY12248952,Maxi-Cosi,Stella Pushchair,Black Raven
1034197,MCY12248962,Maxi-Cosi,Stella Pushchair,Concrete Grey
819167,MCY13888957,Maxi-Cosi,Loola 3 Pushchair,Black Raven
819169,MCY13888967,Maxi-Cosi,Loola 3 Pushchair,Concrete Grey
705667,MCY60158731,Maxi-Cosi,Tobi Group 1 Child Car Seat,Origami Black
705665,MCY60158951,Maxi-Cosi,Tobi Group 1 Child Car Seat,Black Raven
705148,MCY61758721,Maxi-Cosi,Cabriofix Group 0+ Child Car Seat,Digital Black
699243,MCY61758731,Maxi-Cosi,Cabriofix Group 0+ Child Car Seat,Origami Black
705322,MCY63058321,Maxi-Cosi,Pebble Group 0+ Child Car Seat,Red Rumour
705321,MCY63058731,Maxi-Cosi,Pebble Group 0+ Child Car Seat,Origami Black
706374,MCY63458951,Maxi-Cosi,Pearl Group 1 Child Car Seat,Black Raven
706641,MCY63458961,Maxi-Cosi,Pearl Group 1 Child Car Seat,Concrete Grey
984319,MCY73508730,Maxi-Cosi,Footmuff for Pebble and Pebble Plus,Origami Black
984320,MCY73508950,Maxi-Cosi,Footmuff for Pebble and Pebble Plus,Black Raven
1036661,MCY79058731-CALL,Maxi-Cosi,2way Pearl i-Size Group 1 Car Seat,Origami Black
698192,MCY79058951-CALL,Maxi-Cosi,2way Pearl i-Size Group 1 Car Seat,Black Raven
781013,MCY79858941-CALL,Maxi-Cosi,Pebble Plus i-Size Child Car Seat,Berry Pink
705329,MCY79858951-CALL,Maxi-Cosi,Pebble Plus i-Size Child Car Seat,Black Raven
1036710,MCY80208737,Maxi-Cosi,AxissFix i-Size Child Car Seat,Origami Black
908585,MCY80208957,Maxi-Cosi,AxissFix i-Size Child Car Seat,Black Raven
706643,MCY85258957,Maxi-Cosi,Opal Group 0+/1 Child Car Seat,Black Raven
802476,MCY85258967,Maxi-Cosi,Opal Group 0+/1 Child Car Seat,Concrete Grey
699334,MCY85368957,Maxi-Cosi,Milofix Group 0+/1 Isofix Child Car Seat,Black Raven
1036597,MCY85368967,Maxi-Cosi,Milofix Group 0+/1 Isofix Child Car Seat,Concrete Grey
698291,MCY86088737,Maxi-Cosi,Axiss Group 1 Child Car Seat,Origami Black
698257,MCY86088957,Maxi-Cosi,Axiss Group 1 Child Car Seat,Black Raven
1036927,MCY88248731,Maxi-Cosi,RodiFix AirProtect Group 2/3 Child Car Seat,Origami Black
1036874,MCY88248951,Maxi-Cosi,RodiFix AirProtect Group 2/3 Child Car Seat,Black Raven
990155,MLNAM1Y031922,Maclaren,Universal Liner,Paris City Map
990156,MLNAM1Y031932,Maclaren,Universal Liner,New York City Map
990171,MLNASE02022,Maclaren,Universal Footmuff,Charcoal
990172,MLNASE02032,Maclaren,Universal Footmuff,Black
990177,MLNASE19022,Maclaren,Mark II Seat Liner,Spicy Orange
990178,MLNASE19032,Maclaren,Mark II Seat Liner,Carmine Rose
990209,MLNWM1Y010152,Maclaren,Volo Stroller,Silver/Highland Green
990210,MLNWM1Y010192,Maclaren,Volo Stroller,Silver/Black
990211,MLNWM1Y010202,Maclaren,Volo Stroller,Silver/Marmalade
990212,MLNWM1Y010282,Maclaren,Volo Stroller,Silver/Plum
990213,MLNWM1Y030021,Maclaren,Triumph Stroller,Cardinal/Charcoal
990214,MLNWM1Y030031,Maclaren,Triumph Stroller,Black/Charcoal
990215,MLNWM1Y030051,Maclaren,Triumph Stroller,Highland Green/Grey Dawn
990216,MLNWM1Y030061,Maclaren,Triumph Stroller,Plum/Grey Dawn
990217,MLNWM1Y040041,Maclaren,Quest Stroller,Medieval Blue/Silver
990218,MLNWM1Y040071,Maclaren,Quest Stroller,Cardinal/Silver
990219,MLNWM1Y040081,Maclaren,Quest Stroller,Medieval Blue/Jelly Bean Green
990220,MLNWM1Y040091,Maclaren,Quest Stroller,Black/Silver
990221,MLNWM1Y040111,Maclaren,Quest Stroller,Charcoal/Primrose
990222,MLNWM1Y040121,Maclaren,Quest Stroller,Plum/Marmalade
990223,MLNWM1Y040131,Maclaren,Quest Stroller,Charcoal/Harbour Blue
990224,MLNWM1Y070041,Maclaren,Techno XT Stroller,Medieval Blue/Silver
990225,MLNWM1Y070071,Maclaren,Techno XT Stroller,Cardinal/Silver
990226,MLNWM1Y070091,Maclaren,Techno XT Stroller,Black/Silver
990227,MLNWM1Y070111,Maclaren,Techno XT Stroller,Charcoal/Primrose
990228,MLNWM1Y070141,Maclaren,Techno XT Stroller,Charcoal/Marmalade
990229,MLNWM1Y110291,Maclaren,Globetrotter Stroller,Black/White
990230,MLNWM1Y110311,Maclaren,Globetrotter Stroller,Cardinal/White
990231,MLNWM1Y110341,Maclaren,Globetrotter Stroller,Medieval Blue/White
990232,MLNWM1Y120031,Maclaren,Twin Triumph Stroller,Black/Charcoal
990233,MLNWM1Y120041,Maclaren,Twin Triumph Stroller,Medieval Blue/Silver
990234,MLNWM1Y123311,Maclaren,Twin Triumph Stroller,Denim Indigo
990236,MLNWM1Y130011,Maclaren,Twin Techno Stroller,Black
990237,MLNWM1Y130451,Maclaren,Twin Techno Stroller,Cardinal
990238,MLNWM1Y150091,Maclaren,Techno XLR Stroller,Black/Silver
990239,MLNWM1Y150151,Maclaren,Techno XLR Stroller,Silver/Highland Green
990240,MLNWM1Y150161,Maclaren,Techno XLR Stroller,Dove/Orchid Smoke
990241,MLNWM1Y150171,Maclaren,Techno XLR Stroller,Plum/Silver
913375,MLNWSE03021,Maclaren,Triumph Stroller,Medieval Blue/Silver
913376,MLNWSE03031,Maclaren,Triumph Stroller,Charcoal/Cardinal
944700,MLNWSE07121,Maclaren,Techno XT Stroller,Charcoal
913389,MLNWSE10022,Maclaren,Mark II Stroller,Midnight Navy
913390,MLNWSE10042,Maclaren,Mark II Stroller,Silver
944525,MLNWSE11011,Maclaren,Globetrotter Stroller,Black
913393,MLNWSE11051,Maclaren,Globetrotter Stroller,Cardinal/Charcoal
913450,MLNWSE12021,Maclaren,Twin Triumph Stroller,Charcoal/Cardinal
913874,MLNWSE15011,Maclaren,Techno XLR Stroller,Black/Champagne
913877,MLNWSE15021,Maclaren,Techno XLR Stroller,Charcoal/Cardinal
913378,MLNWSE15051,Maclaren,Techno XLR Stroller,Medieval Blue/Soft Blue
1025730,MUTACC3IGOFAEARTH,Mutsy,Footmuff Igo FARMER,Earth
1025729,MUTACC3IGOFAMIST,Mutsy,Footmuff Igo FARMER,Mist
1025738,MUTACC3IGOUNDG,Mutsy,Footmuff Igo URBAN NOMAD,Dark Grey
1069614,MUTACC3IGOUNN,Mutsy,Footmuff Igo URBAN NOMAD,Navy
1069941,MUTCOTEVOINBL,Mutsy,Carrycot Evo INDUSTRIAL,Blue
1069945,MUTCOTEVOINGR,Mutsy,Carrycot Evo INDUSTRIAL,Grey
1025759,MUTCOTEXOPABL,Mutsy,Carrycot Exo,Pacific-Black
1025758,MUTCOTEXOPUBR,Mutsy,Carrycot Exo,Purple-Black
1070094,MUTCOTIGOFA-GROUP,Mutsy,Carrycot Igo FARMER,
1025785,MUTCOTIGOFAEARTHBSI,Mutsy,Carrycot Igo FARMER,Earth
1070160,MUTCOTIGORE-GROUP,Mutsy,Carrycot Igo REFLECT,
1025782,MUTCOTIGORECOBLACKBSI,Mutsy,Carrycot Igo REFLECT,Cosmo Black
1070162,MUTEVOFABEARTH/KIT,Mutsy,Evo Stroller FARMER,Earth Black Chassis
1070249,MUTEVOFABMIST/KIT,Mutsy,Evo Stroller FARMER,Mist Black Chassis
1070351,MUTEVOINDGBLUE/KIT,Mutsy,Evo Stroller INDUSTRIAL,Blue Dark Grey Chassis
1070356,MUTEVOINDGGREY/KIT,Mutsy,Evo Stroller INDUSTRIAL,Grey Dark Grey Chassis
1070371,MUTEVOINDGINDIGO/KIT,Mutsy,Evo Stroller INDUSTRIAL,Indigo Dark Grey Chassis
1070569,MUTEVOUNSCREAM/KIT,Mutsy,Evo Stroller URBAN NOMAD,Cream Standard Chassis
1070580,MUTEVOUNSDARKGREY/KIT,Mutsy,Evo Stroller URBAN NOMAD,Dark Grey Standard Chassis
1025955,MUTIGOPUBFOG/KIT,Mutsy,Igo Stroller PURE,Fog Black Chassis
1026133,MUTIGOPUBSTORM/KIT,Mutsy,Igo Stroller PURE,Storm Black Chassis
760680,MYC10-01-011,MyChild,Coupe Walker,Black
760722,MYC11-01-020,MyChild,Walk 'n' Rock,Blue
760685,MYC13-01-001,MyChild,F1 Walker,Racing Red
766966,MYC14-01-009,MyChild,Button Booster Seat,Red
773582,NNA085604,Nania,Cosmo SP Group 0+/1 Car Seat,Minnie
773574,NNA086829,Nania,Cosmo SP Group 0+/1 Car Seat,Agora Carmin
773575,NNA086924,Nania,Cosmo SP Group 0+/1 Car Seat,Agora Framboise
773787,NNA251259,Nania,Dream Group 2/3 Booster Seat,Disney Princess
773784,NNA251276,Nania,Dream Group 2/3 Booster Seat,Frozen
775767,NNA544255,Nania,Topo Comfort Group 2/3 Booster Seat,Spiderman
773426,NNA589276,Nania,Beline SP LX Group 1/2/3 Car Seat,Frozen
773267,NNA745078,Nania,Befix SP Group 2/3 Car Seat,Graphic Red
775760,NNA789255,Nania,Starter SP Group 2/3 Car Seat,Spiderman
773269,NNA799276,Nania,Befix SP LX Group 2/3 Booster Seat,Frozen
774013,NNA922604,Nania,I-Max SP LX Group 1/2/3 Car Seat,Minnie
774005,NNA926006,Nania,I-Max SP LX Group 1/2/3 Car Seat,Agora Storm
774011,NNA927347,Nania,I-Max SP LX Group 1/2/3 Car Seat,Mickey
819827,NUNCS-30-001GL,Nuna,REBL i-Size Car Seat,Caviar
819829,NUNCS-30-002GL,Nuna,REBL i-Size Car Seat,Slate
819828,NUNCS-30-003GL,Nuna,REBL i-Size Car Seat,Coffee
819822,NUNCS-30-004GL,Nuna,REBL i-Size Car Seat,Berry
819815,NUNCS-30-GROUP,Nuna,REBL i-Size Car Seat,
1053028,NUNSE-10-004UK,Nuna,LEAF Rocker,Cinder
819148,NUNSE-10-020UK,Nuna,LEAF Rocker,Bisque
754988,OBY13OB0713,Obaby,Apollo Twin Stroller,Pink
1044964,OBY17OB3308,Obaby,Universal Newborn Liner,Navy
1044971,OBY17OB3311,Obaby,Universal Newborn Liner,Grey
960340,OBY20OB0601B3,Obaby,Lily 3 Piece Room Set,Country Pine
962863,OBY20OB0802D3,Obaby,Lincoln Mini 3 Piece Room Set,White
1011190,OBY21DB0402,Obaby,Disney Winnie the Pooh and Friends Cot Bed,
1011262,OBY21DB0507,Obaby,Disney Winnie the Pooh Dreams & Wishes Deluxe Cot Bed,
960364,OBY21OB0201B3,Obaby,Lisa 3 Piece Room Set,Country Pine
1011697,OBY21OB0301D3,Obaby,York 3 Piece Room Set,Country Pine
1011649,OBY21OB0403,Obaby,Newark Cot Bed,White
960332,OBY21OB0905D3,Obaby,Lincoln 3 Piece Room Set,Walnut
745209,OBY22DB0101,Obaby,Winnie The Pooh Gliding Crib,Country Pine
761511,OBY22OB0102,Obaby,Sophie Swinging Crib,White
746735,OBY24OB2600,Obaby,Foam Mattress,Cot (120 x 60cm)
746737,OBY24OB2700,Obaby,Foam Mattress,Cot Bed (140 x 70cm)
746773,OBY24OB3600,Obaby,Sprung Mattress,Cot (120 x 60cm)
746777,OBY24OB3700,Obaby,Sprung Mattress,Cot Bed (140 x 70cm)
746785,OBY24OB4700,Obaby,Pocket Sprung Mattress,Cot Bed (140 x 70cm)
746806,OBY24OB5700,Obaby,Natural Coir and Wool Mattress,Cot Bed (140 x 70cm)
1038963,OBY26OB03-GROUP,Obaby,Lincoln Changing Unit,
761435,OBY26OB0102,Obaby,Open Changing Unit,White
759295,OBY26OB0203,Obaby,Closed Changing Unit,White with Pine Trim
761456,OBY27OB0101,Obaby,Single Wardrobe,Country Pine
745192,OBY28DB0101,Obaby,Winnie The Pooh Double Wardrobe,Country Pine
745194,OBY28DB0103,Obaby,Winnie The Pooh Double Wardrobe,White with Pine Trim
1047772,OBY28OB03-GROUP,Obaby,Lincoln Sleigh Wardrobe,
1047775,OBY28OB0301,Obaby,Lincoln Sleigh Wardrobe,Country Pine
1047777,OBY28OB0302,Obaby,Lincoln Sleigh Wardrobe,White
1051558,OBY32DB1005,Obaby,Disney Love Minnie Musical Mobile,
1047831,OBY32DB1007,Obaby,Disney Love Minnie Moses Basket,
1045108,OBY70DB0701,Obaby,Disney Circles Group 0+ Infant Carrier,Mickey Without Adaptors
990992,OBY70OB0808,Obaby,Group 0+ Infant Carrier,Little Sailor
1045229,OBY70OB0808ADS,Obaby,Zeal Group 0+ Infant Carrier,Little Sailor
991004,OBY70OB1008,Obaby,Group 1/2/3 Highback Booster With Harness,Little Sailor
990995,OBY70OB1115,Obaby,Group 0+ Infant Carrier,Zigzag Orange
1045433,OBY70OB1115ADC,Obaby,Chase Group 0+ Infant Carrier,ZigZag Orange
991000,OBY70OB1208,Obaby,Group 0+/1 Car Seat,Zigzag Navy
991006,OBY70OB1308,Obaby,Group 1/2/3 Highback Booster With Harness,Zigzag Navy
991007,OBY70OB1315,Obaby,Group 1/2/3 Highback Booster With Harness,Zigzag Orange
1045145,OBY70OB1403,Obaby,Group 0+ Infant Carrier,B Is For Bear Red
1045158,OBY70OB1513,Obaby,Group 0+/1 Car Seat,B Is For Bear Pink
1045451,OBY70OB1613,Obaby,Group 1/2/3 Highback Booster With Harness,B Is For Bear Pink
960206,OBYWTPCOTBEDDRAWERW/KIT,Obaby,Winnie the Pooh Deluxe Cot Bed and Drawer,White
960190,OBYWTPCOTDRAWER-GROUP,Obaby,Winnie the Pooh Deluxe Cot Bed and Drawer,
537739,ONACB01-PP,Out N About,Nipper Changing Bag,Colour Purple Punch
537741,ONACB01-RB,Out N About,Nipper Changing Bag,Colour Raven Black
537745,ONACC-AD-01,Out N About,Nipper 360 V3/V4 Double Pushchair Carrycot Adaptor x 1,
537747,ONACC-AD-02,Out N About,Nipper 360 V3/V4 Double Pushchair Carrycot Adaptor x 2,
368501,ONACCRC-01,Out N About,Nipper 360 Single Carrycot Rain Cover,
368502,ONACCUV-01,Out N About,Nipper 360 Single Carrycot UV Cover,
415913,ONACCV3-01RB,Out N About,Nipper 360 V3/V4 Single Carrycot,Raven Black
537791,ONACCV3-02RB,Out N About,Nipper 360 V2/V3/V4 Double Carrycot,Raven Black
415820,ONAFMV3-CR,Out N About,Nipper V3/V4 Footmuff,Carnival Red
415552,ONAFMV3-GROUP-UBERWEB,Out N About,Nipper V3/V4 Footmuff,
415822,ONAFMV3-LB,Out N About,Nipper V3/V4 Footmuff,Lagoon Blue
631541,ONALN-01MB,Out N About,Little Nipper Urban Off Road Buggy,Marine Blue
1001806,ONALN-02JB,Out N About,Little Nipper Double Buggy,Jet Black
1001804,ONALN-02MB,Out N About,Little Nipper Double Buggy,Marine Blue
1001807,ONALN-02PR,Out N About,Little Nipper Double Buggy,Poppy Red
813203,ONAMB1-CLIP28,Mountain Buggy,Single Maxi-Cosi Car Seat Adaptors,for Duet
813206,ONAMB1-CLIP31,Mountain Buggy,Double Maxi-Cosi Car Seat Adaptors,for Duet
381233,ONAMB1RL0220,Mountain Buggy,Reversible Liner,Black / Chilli
381113,ONAMB1S2SC,Mountain Buggy,Duet Stroller Storm Cover,
381137,ONAMB1S2SM,Mountain Buggy,Duet Stroller UV Sun Cover,
381238,ONAMB1SB02,Mountain Buggy,Sleeping Bag,Black
381240,ONAMB1SB20,Mountain Buggy,Sleeping Bag,Chilli
698170,ONAMB2-S2AWHEEL,Mountain Buggy,Duet Aerotech Wheels,
381162,ONAMB2POD02,Mountain Buggy,Pod Clip on Table Seat,Black
381172,ONAMB2POD21,Mountain Buggy,Pod Clip on Table Seat,Flint
744356,ONAMBCCPD-V1-5,Mountain Buggy,Duet Carrycot Plus,Black
764917,ONAMBCCPD-V1-7,Mountain Buggy,Duet Carrycot Plus,Flint
896524,ONAMBCCPS-V3-11,Mountain Buggy,Mini and Swift Carrycot Plus,Berry
897378,ONAMBCCPS-V3-44,Mountain Buggy,Mini and Swift Carrycot Plus,Gold
944917,ONAMBCCPSHD-V1-7,Mountain Buggy,Duet Carrycot Plus Sunhood,Flint
944843,ONAMBCCPSHD-V1-11,Mountain Buggy,Duet Carrycot Plus Sunhood,Chilli
763087,ONAMBCCPU-V3-37,Mountain Buggy,Urban Jungle Carrycot Plus,Nautical
730672,ONAMBDUETV255,Mountain Buggy,Duet Double Buggy V2.5,Black
730673,ONAMBDUETV257,Mountain Buggy,Duet Double Buggy V2.5,Flint
1086948,ONAMBJUNO-V1-5,Mountain Buggy,Juno Baby Carrier,Black
899072,ONAMBRL-3,Mountain Buggy,Universal Reversible Liner,Marine
899075,ONAMBRL-6,Mountain Buggy,Universal Reversible Liner,Silver
897672,ONAMBSWI-V3-3,Mountain Buggy,Swift Buggy,Marine
897664,ONAMBSWI-V3-5,Mountain Buggy,Swift Buggy,Black
994999,ONAMBUJ-V3-3,Mountain Buggy,Urban Jungle V3 Buggy,Marine
898878,ONAMBUJ-V3-5,Mountain Buggy,Urban Jungle V3 Buggy,Black
631404,ONANIP-01LBV4,Out N About,Nipper Single Buggy V4,Lagoon Blue
631409,ONANIP-01RBV4,Out N About,Nipper Single Buggy V4,Raven Black
631412,ONANIP-02CRV4,Out N About,Nipper V4 Double Buggy,Carnival Red
631414,ONANIP-02LBV4,Out N About,Nipper V4 Double Buggy,Lagoon Blue
631418,ONANIP-02PPV4,Out N About,Nipper V4 Double Buggy,Purple Punch
631420,ONANIP-02RBV4,Out N About,Nipper V4 Double Buggy,Raven Black
636618,ONANIPSP-01CRV4,Out N About,Nipper Sport V4 Jogging Buggy,Carnival Red
991653,ONANIPSP-01MBV4,Out N About,Nipper Sport V4 Jogging Buggy,Marine Blue
961905,ONAPTCAL_2,Phil &amp; Teds,Airlight Carrier,Leaf
961933,ONAPTCAL_5,Phil &amp; Teds,Airlight Carrier,Black
961968,ONAPTCE7,Phil &amp; Teds,Escape Carrier and Hood,Charcoal
961961,ONAPTCE11,Phil &amp; Teds,Escape Carrier and Hood,Red
962206,ONAPTCEM-37,Phil &amp; Teds,Emotion Carrier,Midnight Blue
962271,ONAPTCM7,Phil &amp; Teds,Metro Carrier,Charcoal
962262,ONAPTCM11,Phil &amp; Teds,Metro Carrier,Red
944570,ONAPTCSBISO,Phil &amp; Teds,Alpha ISOFIX Car Seat Base,
944572,ONAPTCSCOVERS,Phil &amp; Teds,Alpha Car Seat Cover Set,
962993,ONAPTDASH-V5-5,Phil &amp; Teds,Dash Buggy,Black
963016,ONAPTDASH-V5-7,Phil &amp; Teds,Dash Buggy,Grey Marl
962837,ONAPTDASHDK-V5-5,Phil &amp; Teds,Dash Double Kit,Black
962838,ONAPTDASHDK-V5-7,Phil &amp; Teds,Dash Double Kit,Grey Marl
963207,ONAPTDOTPR-V3-11,Phil &amp; Teds,Dot V3 Stroller and Double Kit,Chilli
963222,ONAPTDOTPR-V3-77,Phil &amp; Teds,Dot V3 Stroller and Double Kit,Graphite
381603,ONAPTLBV155,Phil &amp; Teds,Lobster Table Fixed High Chair,Black
381602,ONAPTLBV1511,Phil &amp; Teds,Lobster Table Fixed High Chair,Red
500598,ONAPTPOPPYV11,Phil &amp; Teds,Poppy High Chair,Cranberry
500599,ONAPTPOPPYV18,Phil &amp; Teds,Poppy High Chair,Lime
381830,ONAPTTRV35,Phil &amp; Teds,Traveller Travel Cot,Black
381831,ONAPTTRV36,Phil &amp; Teds,Traveller Travel Cot,Silver
699542,ONAPTUTBV15,Phil &amp; Teds,Universal Pushchair Travel Bag,Colour Black
807205,ONAPTVERSDV3,Phil &amp; Teds,Vibe & Verve V3 Storm Cover,Double
730505,ONAPTVERSSV3,Phil &amp; Teds,Vibe & Verve V3 Storm Cover,Single
730481,ONAPTVERV35,Phil &amp; Teds,Verve V3 4 Wheel Pushchair,Black
730479,ONAPTVERV311,Phil &amp; Teds,Verve V3 4 Wheel Pushchair,Cherry
981694,ONAPTVOY-V1-5,Phil &amp; Teds,Voyager Buggy,Black
981695,ONAPTVOY-V1-7,Phil &amp; Teds,Voyager Buggy,Grey Marl
980974,ONAPTVOYDK-V1-5,Phil &amp; Teds,Voyager Double Kit,Black
980975,ONAPTVOYDK-V1-7,Phil &amp; Teds,Voyager Double Kit,Grey Marl
980966,ONAPTVOYDKSC-V1,Phil &amp; Teds,Voyager Double Kit Storm Cover,
381857,ONAPTWWV17,Phil &amp; Teds,Wriggle Wrapper,Charcoal
381856,ONAPTWWV111,Phil &amp; Teds,Wriggle Wrapper,Red
547169,ONAUTBV111,Phil &amp; Teds,Universal Pushchair Travel Bag,Colour Chilli Red
706365,QNY76505150,Quinny,Yezz Travel Stroller,Grey Road
706362,QNY76506870,Quinny,Yezz Travel Stroller,Blue Loop
706312,QNY76959130,Quinny,Foldable Carrycot,Black / Blue Base
706317,QNY76959140,Quinny,Foldable Carrycot,Grey Gravel
706318,QNY78006970,Quinny,Footmuff,Black Devotion
706329,QNY78008320,Quinny,Footmuff,Red Rumour
706337,QNY78459140,Quinny,Moodd Pushchair,White/Grey Gravel
706332,QNY78459210,Quinny,Moodd Pushchair,Black/Black Devotion
706372,QNY78959240,Quinny,Zapp Xtra2 Stroller,Silver/Red Rumour
706309,QNY79658360,Quinny,Buzz Xtra Pushchair,Silver/Rocking Black
706308,QNY79659240,Quinny,Buzz Xtra Pushchair,Silver/Red Rumour
395273,REC5514.21207.09,Recaro,Young Profi Plus Group 0+ Infant Carrier Baby Car Seat,Black
399452,REC5514.21208.09,Recaro,Young Profi Plus Group 0+ Infant Carrier Baby Car Seat,Graphite
536734,REC5516.21207.09,Recaro,Privia Group 0+ Infant Carrier Baby Car Seat,Black
536741,REC5516.21211.09,Recaro,Privia Group 0+ Infant Carrier Baby Car Seat,Pink
803155,REC5516.21310.09,Recaro,Privia Group 0+ Infant Carrier Baby Car Seat,Ruby
629959,REC5601.21208.09,Recaro,Easylife Lightweight Stroller,Graphite
629961,REC5601.21211.09,Recaro,Easylife Lightweight Stroller,Pink
662913,REC5604.000.00,Recaro,Easylife Rain Cover,
910600,REC5604.001.00,Recaro,Easylife Bumper Bar,
910602,REC5604.002.00,Recaro,Easylife Mosquito Net,
910606,REC5604.003.00,Recaro,Easylife Travel Bag,
910608,REC5604.004.00,Recaro,Easylife Cup Holder,
910611,REC5604.010.00,Recaro,Easylife Privia Car Seat Adaptors,
1025269,REC6136.21207.66,Recaro,Optia Group 1 Car Seat,Black
1025270,REC6136.21208.66,Recaro,Optia Group 1 Car Seat,Graphite
1025311,REC6137.21211.66,Recaro,Optiafix Group 1 Car Seat,Pink
1025312,REC6137.21212.66,Recaro,Optiafix Group 1 Car Seat,Saphir
399186,REC6148.21207.66,Recaro,Monza Nova IS Seatfix ISOFIX Group 1/2/3 Child Car Seat,Black
399187,REC6148.21208.66,Recaro,Monza Nova IS Seatfix ISOFIX Group 1/2/3 Child Car Seat,Graphite
508769,REC6150.21208.66,Recaro,Monza Nova 2 Child Car Seat,Colour Graphite
508774,REC6150.21209.66,Recaro,Monza Nova 2 Child Car Seat,Colour Shadow
508842,REC6150.21211.66,Recaro,Monza Nova 2 Child Car Seat,Colour Pink
513149,REC6151.21208.66,Recaro,Monza Nova 2 Seatfix,Colour Graphite
513150,REC6151.21209.66,Recaro,Monza Nova 2 Seatfix,Colour Shadow
513152,REC6151.21211.66,Recaro,Monza Nova 2 Seatfix,Colour Pink
775887,REC6203.21214.66,Recaro,Young Sport Hero Group 1/2/3 Car Seat,Violet
775884,REC6203.21310.66,Recaro,Young Sport Hero Group 1/2/3 Car Seat,Ruby
399206,REC6207.21207.66,Recaro,Milano Child Car Seat,Colour Black
399211,REC6207.21212.66,Recaro,Milano Child Car Seat,Colour Saphire
384940,REC96148B21207,Recaro,Monza Nova IS Car Seat Replacement Seat Cover,Black
395322,S/S00920AZ,Sparco,F700K Group 1/2/3 Child Car Seat,Black / Blue
736912,S/S00923IGR,Sparco,F500i Group 1 Car Seat,Grey
736923,S/S00924IGR,Sparco,F700i Group 2/3 Car Seat,Grey / Black
736929,S/S00926AZ,Sparco,F1000K Group 1/2/3 Car Seat,Blue / Black
802708,SAF33110044,Safety 1st,Travel Safety Kit,
802789,SAF33110128,Safety 1st,Back Car Seat Mirror,
802807,SAF33110276,Safety 1st,Back Seat Organiser,
802830,SAF38005760,Safety 1st,Child View Car Mirror,
803043,SAF38008720,Safety 1st,Deluxe Roller Shades,
801987,SAF77707640,Safety 1st,Travel Safe Group 2/3 Car Seat,
797385,SAP73X35FM,Saplings,Foam Mattress,73 x 35cm
797386,SAP84X43FM,Saplings,Foam Mattress,84 x 43cm
797388,SAP90X40FM,Saplings,Foam Mattress,90 x 40cm
797391,SAP92X54FM,Saplings,Foam Mattress,92 x 54cm
375272,SAPCTCC,Saplings,Cot Top Changer,Country Pine
801296,SAPCTCN,Saplings,Cot Top Changer,Natural
801307,SAPECN,Saplings,Evacuation Cot,
801319,SAPECNPVC,Saplings,Evacuation Cot,with Mattress
375283,SAPGLCBC,Saplings,Glideaway Cot Bed,Country Pine
801444,SAPGLCBW,Saplings,Glideaway Cot Bed,White
805706,SAPHJBW,Saplings,Heart Junior Bed,White
375281,SAPJBC,Saplings,Junior Bed,Country Pine
806847,SAPJCN,Saplings,Jessica Cot,Natural
806869,SAPJENCC,Saplings,Jenny Cot,Country Pine
806872,SAPJENCN,Saplings,Jenny Cot,Natural
806883,SAPKCBN,Saplings,Kirsty Cot Bed,Natural
375293,SAPKCBW,Saplings,Kirsty Cot Bed,White
806896,SAPKCFMC,Saplings,Katie Crib and Mattress,Country Pine
806926,SAPKRS-GROUP,Saplings,Kirsty 3 Piece Room Set,
806960,SAPKRSA,Saplings,Kirsty 3 Piece Room Set,Antique
807022,SAPPJBCI,Saplings,Poppy Junior Bed,Country Pine & Ivory
807135,SAPSCC,Saplings,Suzie Cot,Country Pine
375301,SAPSSCFMN,Saplings,Space Saver Cot,Natural
807209,SAPSTCBBW,Saplings,Stephanie Cot Bed,Black and White
375304,SAPWJBO,Saplings,Warwick Junior Bed Oak,
945326,TTP422560,Tommee Tippee,Closer to Nature Easi-Vent Feeding Bottle,Six Pack
945342,TTP423012,Tommee Tippee,Closer to Nature Healthcare Kit,
945506,TTP423557,Tommee Tippee,Closer to Nature Essentials Kit,
945573,TTP423558,Tommee Tippee,Closer to Nature Complete Starter Set,
945193,TTP423708,Tommee Tippee,Closer to Nature Perfect Prep Machine,White
945320,TTP42214420,Tommee Tippee,Closer to Nature Bottle and Food Warmer,
945339,TTP42300071,Tommee Tippee,Closer to Nature Travel Bottle and Food Warmer,
946903,TTP42301071,Tommee Tippee,Closer to Nature Breast Milk Storage Pots,
945389,TTP42302071,Tommee Tippee,Closer to Nature Digital Thermometer,
945407,TTP42341420,Tommee Tippee,Closer to Nature Manual Breast Pump,
945594,TTP42360010,Tommee Tippee,Closer to Nature Microwave Steriliser,
945195,TTP42371640,Tommee Tippee,Closer to Nature Perfect Prep Machine,Black
1011357,TUT035RS1/71,Tutti Bambini,Alexia 2 Piece Room Set,Vanilla
1011366,TUT039RS1/11,Tutti Bambini,Lucas 2 Piece Room Set,White
1013185,TUT039RS2-GROUP,Tutti Bambini,Lucas 3 Piece Room Set,
1011368,TUT039RS3/11,Tutti Bambini,Lucas 5 Piece Room Set,White
1011388,TUT052RS3/10,Tutti Bambini,Rimini 6 Piece Room Set,High Gloss White
1011391,TUT061RS2/10,Tutti Bambini,Sovereign 3 Piece Room Set,High Gloss White
1011375,TUT070RS1/35,Tutti Bambini,Marie 2 Piece Room Set,Old English
1011376,TUT070RS2/35,Tutti Bambini,Marie 3 Piece Room Set,Old English
1011374,TUT070RS3/11,Tutti Bambini,Marie 7 Piece Room Set,White
1011382,TUT074RS1/35,Tutti Bambini,Milan 2 Piece Room Set,Reclaimed Oak
1011383,TUT074RS2/35,Tutti Bambini,Milan 3 Piece Room Set,Reclaimed Oak
1011384,TUT074RS3/35,Tutti Bambini,Milan 6 Piece Room Set,Reclaimed Oak
1011360,TUT095RS1B/1510,Tutti Bambini,Barcelona 2 Piece Room Set,Beech/White
1011361,TUT095RS2B/1510,Tutti Bambini,Barcelona 3 Piece Room Set,Beech/White
1011746,TUT095RS3B/1510,Tutti Bambini,Barcelona 7 Piece Room Set,Beech/White
1011401,TUT211039/11,Tutti Bambini,Lucas Cot Bed,White
1011404,TUT211070/11,Tutti Bambini,Louis Cot Bed,White
1011405,TUT211070/35,Tutti Bambini,Louis Cot Bed,Old English
1011396,TUT211125/04,Tutti Bambini,Jenny Cot,Natural
1011424,TUT211339/11,Tutti Bambini,Lucas (Katie) Wardrobe,White
1011426,TUT211350/11,Tutti Bambini,Marie Wardrobe,White
1011431,TUT211361/10,Tutti Bambini,Sovereign Wardrobe,High Gloss White
1012120,TUT211450-GROUP,Tutti Bambini,Marie Chest Changer,
1011433,TUT211552/10,Tutti Bambini,Rimini Tallboy,High Gloss White
1011434,TUT211561/10,Tutti Bambini,Sovereign Tallboy,High Gloss White
1011452,TUT211652/10,Tutti Bambini,Rimini Cot Top Changer,High Gloss White
1011453,TUT211661/10,Tutti Bambini,Sovereign Cot Top Changer,High Gloss White
1011451,TUT211674/35,Tutti Bambini,Milan Cot Top Changer,Reclaimed Oak
1011475,TUTBAM/CO70,Tutti Bambini,Coir Fibre Mattress,Cot Bed (70 x 140cm)
1011472,TUTBAM/PS60,Tutti Bambini,Pocket Sprung Mattress,Cot (60 x 120cm)
1040642,TYL22218001,Tiny Love,Gymini Bouncer,Beach
1040626,TYL22218011,Tiny Love,3-in-1 Rocker Napper,Red
1040644,TYL22218014,Tiny Love,Take-Along Bouncer,Red
1040629,TYL22218030,Tiny Love,3-in-1 Rocker Napper,Grey/ Turquoise
1040643,TYL22218033,Tiny Love,Gymini Bouncer,Under The Sea
1041155,TYL33311061,Tiny Love,Tiny Smarts Pals,Harry Hippo
375526,TYL33311063,Tiny Love,Tiny Smarts Pals,Eli Elephant
375532,TYL33311064,Tiny Love,Tiny Smarts Pals,Frankie Frog
375528,TYL33311068,Tiny Love,Tiny Smarts Pals,Elsie Elephant
1041152,TYL33311076,Tiny Love,Tiny Smarts Pals,Lilly Lamb
1041171,TYL33311077,Tiny Love,Tiny Smarts Pals,Betty Butterfly
1041150,TYL33311080,Tiny Love,Tiny Smarts Pals,Chloe Cow
1041104,TYL33311082,Tiny Love,Tiny Smarts My First Rattle,Sun
1041109,TYL33311083,Tiny Love,Tiny Smarts My First Rattle,Flower
1041115,TYL33311084,Tiny Love,Tiny Smarts My First Rattle,Star
1040490,TYL33312002,Tiny Love,Gymini Kick & Play,Jungle
1040605,TYL33312010,Tiny Love,Gymini Monkey Island,
1040449,TYL33312017,Tiny Love,Gymini Sunny Day,
1040706,TYL33315024,Tiny Love,Follow-Me Fred,
1040750,TYL33315025,Tiny Love,Follow-Me Fiona,
784079,YOOY1W,Yoomi,Warmer Unit,
784100,YOOY2FFT,Yoomi,Teats Twin Pack,Fast Flow
783910,YOOY18B,Yoomi,240ml (8oz) Self Warming Bottle,Single
