http://www.johnlewis.com/browse/home-garden/dining-tables/_/N-dok,Tables > Extending,extending
http://www.johnlewis.com/browse/home-garden/dining-tables/_/N-dok,Tables > Dining Tables,
http://www.johnlewis.com/browse/home-garden/all-furniture/living-room-furniture/coffee-tables/_/N-c4w,Tables > Coffee Tables,!lamp
http://www.johnlewis.com/browse/home-garden/all-furniture/living-room-furniture/small-tables/_/N-c53,Tables > Side Tables,
http://www.johnlewis.com/browse/home-garden/all-furniture/office-furniture/office-desks/_/N-c6c,Tables > Desks,
http://www.johnlewis.com/browse/home-garden/all-furniture/bedroom-furniture/bedside-chests/tables/_/N-c3e,Tables > Bedside Tables,table
http://www.johnlewis.com/browse/electricals/tv-stands-accessories/_/N-5pa5,Tables > TV Stands,
http://www.johnlewis.com/browse/home-garden/all-furniture/bedroom-furniture/dressing-tables/_/N-2r8j,Tables > Dressing Tables,
http://www.johnlewis.com/browse/home-garden/all-furniture/living-room-furniture/console-tables/_/N-c4x,Tables > Console Tables,
http://www.johnlewis.com/browse/home-garden/all-furniture/office-furniture/bookcases-shelving-units/_/N-c68,Storage > Bookcases & Shelves,
http://www.johnlewis.com/browse/home-garden/wardrobes/_/N-cbu,Storage > Wardrobes,!shoe
http://www.johnlewis.com/browse/home-garden/all-furniture/living-room-furniture/sideboards/_/N-c52,Storage > Sideboards,
http://www.johnlewis.com/browse/home-garden/all-furniture/living-room-furniture/cabinets/_/N-2r9y,Storage > Cabinets,
http://www.johnlewis.com/browse/home-garden/all-furniture/bedroom-furniture/bedside-chests/tables/_/N-c3e,Storage > Bedside Tables,
http://www.johnlewis.com/browse/home-garden/lighting/floor-lamps/_/N-cjd,Lighting > Floor Lamps,
http://www.johnlewis.com/browse/home-garden/lighting/ceiling-lighting/_/N-7cq4,Lighting > Ceiling Lamps,
http://www.johnlewis.com/browse/home-garden/lighting/table-lamps/view-all-table-lamps/_/N-cjw,Lighting > Wall Lamps,wall
http://www.johnlewis.com/browse/home-garden/lighting/table-lamps/view-all-table-lamps/_/N-cjw,Lighting > Table Lamps,
http://www.johnlewis.com/browse/home-garden/beds/_/N-c7o,Bedroom > Double Beds,double !air
http://www.johnlewis.com/browse/home-garden/beds/_/N-c7o,Bedroom > Super Kingsize Beds,super king
http://www.johnlewis.com/browse/home-garden/beds/_/N-c7o,Bedroom > Kingsize Beds,king
http://www.johnlewis.com/browse/home-garden/beds/_/N-c7o,Bedroom > Storage Beds,storage bed !box !bag
http://www.johnlewis.com/browse/home-garden/all-furniture/childrens-furniture/childrens-furniture/childrens-beds/_/N-5qi0,Kids > Beds,Single
http://www.johnlewis.com/browse/home-garden/beds/_/N-c7o,Kids > Bunk Beds,bunk bed
http://www.johnlewis.com/browse/home-garden/sofas-armchairs/view-all-sofas/sofa-beds/_/N-6r1yZ1z13xc8,Bedroom > Sofa Bed,sofa bed
http://www.johnlewis.com/browse/home-garden/mattresses/view-all-mattresses/_/N-cao,Bedroom > Mattresses,
http://www.johnlewis.com/browse/home-garden/pictures/view-all-pictures/_/N-5rj4,Accessories > Art,
http://www.johnlewis.com/browse/home-garden/cushions-bean-bags-throws/cushions-bean-bags-throws/cushions/_/N-cr9,Accessories > Cushions,
http://www.johnlewis.com/browse/home-garden/clocks/wall/_/N-cccZ1z0rnlx,Accessories > Clocks,
http://www.johnlewis.com/browse/home-garden/kitchen/kitchen-bins/_/N-dwc,Accessories > Bins,!Caddy !Liner !Filter !Perfume
http://www.johnlewis.com/browse/home-garden/rugs/_/N-6vh2,Accessories > Rugs,
http://www.johnlewis.com/browse/home-garden/mirrors/_/N-cjy,Accessories > Mirrors,
http://www.johnlewis.com/browse/home-garden/bath-linen/towels/_/N-cpw,Bed & Bath > Bath Towels,
http://www.johnlewis.com/browse/home-garden/garden-conservatory/view-all-garden-tables/_/N-5up1,Tables > Outdoor Tables,
http://www.johnlewis.com/browse/home-garden/storage-drawers-shelves/childrens-storage-toy-boxes/_/N-cb0,Kids > Storage,
http://www.johnlewis.com/browse/home-garden/all-furniture/childrens-furniture/childrens-furniture/childrens-wardrobes/_/N-c3u,Kids > Storage,
http://www.johnlewis.com/browse/baby-child/nursery-furniture/childrens-chairs-tables/_/N-8eo,Kids > Tables & Chairs,
http://www.johnlewis.com/browse/home-garden/all-furniture/childrens-furniture/childrens-furniture/chest-of-drawers/_/N-c3q,Kids > Storage,
http://www.johnlewis.com/browse/home-garden/all-furniture/childrens-furniture/childrens-furniture/childrens-beds/_/N-5qi0,Kids > Bunk Beds,bunk bed
http://www.johnlewis.com/browse/home-garden/all-furniture/childrens-furniture/childrens-furniture/childrens-beds/_/N-5qi0,Kids > Beds,
http://www.johnlewis.com/browse/home-garden/all-furniture/childrens-furniture/childrens-furniture/childrens-desks/_/N-c3p,Kids > Desks,!sleeper
http://www.johnlewis.com/browse/home-garden/bedding/bed-sheets/_/N-43sg,Bed & Bath > Bed Sheets,
http://www.johnlewis.com/browse/home-garden/bath-linen/bath-mats-boards/_/N-cpe,Bed & Bath > Bath Mats,
http://www.johnlewis.com/browse/home-garden/cushions-bean-bags-throws/cushions-bean-bags-throws/throws-blankets-bedspreads/_/N-crb,Accessories > Throws & Blankets,throw
http://www.johnlewis.com/browse/home-garden/cushions-bean-bags-throws/cushions-bean-bags-throws/throws-blankets-bedspreads/_/N-crb,Bed & Bath > Bedspreads & Blankets,
,Accessories > Coat Stands & Hooks,coat stand
,Accessories > Coat Stands & Hooks,coat rack
,Bedroom > Bedside Tables,bedside table
,Bedroom > Sofa Beds,Sofa bed
,Bedroom > Storage Beds,storage bed !box !bag
,Chairs > Armchairs,armchair
,Chairs > Bean Bags,bean bag
,Chairs > Bean Bags,beanbag
http://www.johnlewis.com/browse/home-garden/all-furniture/dining-room-furniture/benches/_/N-c47,Chairs > Benches,!Shelf
http://www.johnlewis.com/browse/home-garden/all-furniture/dining-room-furniture/dining-chairs/_/N-c49,Chairs > Dining Chairs,
,Chairs > Love Seats,love seats
,Chairs > Office Chairs,office chairs
,Chairs > Office Chairs,office chair
,Chairs > Ottomans and Footstools,footstool
,Chairs > Stools and Bar Stools,bar stool
,Lighting > Ceiling Lights,Ceiling Light
http://www.johnlewis.com/browse/home-garden/lighting/wall-lighting/view-all-wall-lighting/_/N-ci9,Lighting > Wall Lamps,
http://www.johnlewis.com/browse/home-garden/garden-conservatory/garden-chairs/_/N-5up0,Outdoor > Outdoor Loungers,Lounge Lounger Sofa
http://www.johnlewis.com/browse/home-garden/garden-conservatory/garden-chairs/_/N-5up0,Outdoor > Outdoor Chairs,!sling
http://www.johnlewis.com/browse/home-garden/garden-conservatory/furniture-sets/_/N-5uns,Outdoor > Outdoor Dining,
,Outdoor > Outdoor Loungers,sunlounger
,Storage > Chests of Drawers,Drawer chest
,Storage > Media Units,media unit
,Storage > Media Units,media units
http://www.johnlewis.com/browse/electricals/tv-stands-accessories/_/N-5pa5,Storage > Media Units,
,Storage > Sideboards,sideboard
,Storage > Storage Benches,storage bench
,Storage > Storage Tables,storage table
,Tables > Extending Tables,extending dining table
,Chairs > Love Seats,Love Seat
,Chairs > Love Seats,Snuggler
http://www.johnlewis.com/browse/home-garden/sofas-armchairs/view-all-sofas/sofas/leather/_/N-6r1yZ1z13ylrZ1z0rnyn,Sofas > 2 Seater Leather Sofas,small sofa
http://www.johnlewis.com/browse/home-garden/sofas-armchairs/view-all-sofas/sofas/leather/_/N-6r1yZ1z13ylrZ1z0rnyn,Sofas > 3 Seater Leather Sofas,medium sofa
http://www.johnlewis.com/browse/home-garden/sofas-armchairs/view-all-sofas/sofas/leather/_/N-6r1yZ1z13ylrZ1z0rnyn,Sofas > 4 Seater Leather Sofas,grand sofa
http://www.johnlewis.com/browse/home-garden/sofas-armchairs/view-all-sofas/sofas/leather/_/N-6r1yZ1z13ylrZ1z0rnyn,Sofas > Leather Chaises,chaises
http://www.johnlewis.com/browse/home-garden/sofas-armchairs/view-all-sofas/sofas/fabric/_/N-6r1yZ1z13ylrZ1z0rnyn,Sofas > Fabric Chaises,chaises
http://www.johnlewis.com/browse/home-garden/sofas-armchairs/view-all-sofas/sofas/leather/_/N-6r1yZ1z13ylrZ1z0rnyn,Sofas > Corner Leather Sofas,corner
http://www.johnlewis.com/browse/home-garden/sofas-armchairs/view-all-sofas/sofas/fabric/_/N-6r1yZ1z13ylrZ1z0rnyn,Sofas > Corner Fabric Sofas,corner
http://www.johnlewis.com/browse/home-garden/sofas-armchairs/view-all-sofas/sofas/fabric/_/N-6r1yZ1z13ylrZ1z0rok2?Nrpp=90,Sofas > 2 Fabric Sofas,small sofa
http://www.johnlewis.com/browse/home-garden/sofas-armchairs/view-all-sofas/sofas/fabric/_/N-6r1yZ1z13ylrZ1z0rnyn,Sofas > 3 Seater Fabric Sofas,medium sofa
http://www.johnlewis.com/browse/home-garden/sofas-armchairs/view-all-sofas/sofas/fabric/_/N-6r1yZ1z13ylrZ1z0rnyn,Sofas > 4 Seater Fabric Sofas,grand sofa
http://www.johnlewis.com/browse/home-garden/bedroom/duvet-covers-pillowcases/_/N-5ubd,Accessories > Bed Sets and Towels,set
http://www.johnlewis.com/browse/home-garden/bedroom/duvet-covers-pillowcases/_/N-5ubd,Accessories > Bed Sets and Towels,towel
http://www.johnlewis.com/browse/home-garden/utility-room/wall-hooks/_/N-e9i,Accessories > Coat Stands & Hooks,coat
,Lighting > Pendant Caps and Shades,Pendant Shade
http://www.johnlewis.com/browse/home-garden/garden-conservatory/garden-chairs/garden-dining-chairs/_/N-5up0Z1z0d7qk,Outdoor > Outdoor Dining,
,Tables > Console Tables,console table
,Tables > Coffee Tables,coffee table !lamp