identifier,sku,name,price,url,category,brand,image_url,shipping_cost,stock,dealer
TES001,6009694862295,19-Anabol Testo 180s,59,http://uk.usn-sport.com/en/19-anabol-testo,,USN,http://uk.usn-sport.com/media/catalog/product/cache/2/image/317x460/9df78eab33525d08d6e5fb8d27136e95/a/n/anaboltesto_2.png,,,
UN56,6009644659845,CLA GREEN TEA 90s,27,http://uk.usn-sport.com/en/cla-green-tea,,USN,http://uk.usn-sport.com/media/catalog/product/cache/2/image/317x460/9df78eab33525d08d6e5fb8d27136e95/g/t/gt.png,,,
UN134,6009644653942,BCAA 240's,34,http://uk.usn-sport.com/en/bcaa-syntho-stack,,USN,http://uk.usn-sport.com/media/catalog/product/cache/2/image/317x460/9df78eab33525d08d6e5fb8d27136e95/s/y/synthonew.png,,,
UN141,6009702508467,BCAA Power Punch - Watermelon,37,http://uk.usn-sport.com/en/bcaa-power-punch,,USN,http://uk.usn-sport.com/media/catalog/product/cache/2/image/317x460/9df78eab33525d08d6e5fb8d27136e95/p/u/punchnew.png,,,
UN132,6009644651436,Creatine Anabolic Orange 1.8kg,53,http://uk.usn-sport.com/en/creatine-anabolic-1-8kg,,USN,http://uk.usn-sport.com/media/catalog/product/cache/2/image/317x460/9df78eab33525d08d6e5fb8d27136e95/c/r/creatineanabolic.png,,,
UN50,6009694860864,CLA THERMO 90s,27,http://uk.usn-sport.com/en/cla-thermo,,USN,http://uk.usn-sport.com/media/catalog/product/cache/2/image/317x460/9df78eab33525d08d6e5fb8d27136e95/c/l/clathermo.png,,,
UN53,6009644650217,CLA '1000' 90's,27,http://uk.usn-sport.com/en/cla-pure-1000,,USN,http://uk.usn-sport.com/media/catalog/product/cache/2/image/317x460/9df78eab33525d08d6e5fb8d27136e95/c/l/clapure1000.png,,,
UN140,6009694864282,BCAA Power Punch - Tangerine,39,http://uk.usn-sport.com/en/bcaa-power-punch,,USN,http://uk.usn-sport.com/media/catalog/product/cache/2/image/317x460/9df78eab33525d08d6e5fb8d27136e95/p/u/punchnew.png,,,
WP3,6009694864336,Whey Protein Premium - Van 2.28kg,75,http://uk.usn-sport.com/en/whey-protein-premium,,USN,http://uk.usn-sport.com/media/catalog/product/cache/2/image/317x460/9df78eab33525d08d6e5fb8d27136e95/w/h/wheyprotein-2kg-strawberry.png,,,
XC16,6009702509020,Xedra Cut Ultra 180's,54,http://uk.usn-sport.com/en/xedra-cut-ultra-xt,,USN,http://uk.usn-sport.com/media/catalog/product/cache/2/image/317x460/9df78eab33525d08d6e5fb8d27136e95/x/e/xedracut-ultra-xt-180.png,,,
XC12,6009698928300,Xedra Cut Ultra 90's,32,http://uk.usn-sport.com/en/xedra-cut-ultra-xt,,USN,http://uk.usn-sport.com/media/catalog/product/cache/2/image/317x460/9df78eab33525d08d6e5fb8d27136e95/x/e/xedracut-ultra-xt-180.png,,,
WP2,6009694864350,Whey Protein Premium  - Straw 2.28kg,75,http://uk.usn-sport.com/en/whey-protein-premium,,USN,http://uk.usn-sport.com/media/catalog/product/cache/2/image/317x460/9df78eab33525d08d6e5fb8d27136e95/w/h/wheyprotein-2kg-strawberry.png,,,
WP1,6009694864343,Whey Protein Premium  - Choc 2.28kg,75,http://uk.usn-sport.com/en/whey-protein-premium,,USN,http://uk.usn-sport.com/media/catalog/product/cache/2/image/317x460/9df78eab33525d08d6e5fb8d27136e95/w/h/wheyprotein-2kg-strawberry.png,,,
UN64,6009698927938,USN ZMA 90's,30,http://uk.usn-sport.com/en/zma-90-s,,USN,http://uk.usn-sport.com/media/catalog/product/cache/2/image/317x460/9df78eab33525d08d6e5fb8d27136e95/z/m/zma-90capsules.png,,,
UN75,6009702507033,Whey Isolate 908g Strawberry,59,http://uk.usn-sport.com/en/whey-protein-isolate-908g,,USN,http://uk.usn-sport.com/media/catalog/product/cache/2/image/317x460/9df78eab33525d08d6e5fb8d27136e95/w/h/whey-isolate.png,,,
UN44,6009644650453,Pure Protein GF-1 Vanilla 1kg,39,http://uk.usn-sport.com/en/pure-protein-gf1,,USN,http://uk.usn-sport.com/media/catalog/product/cache/2/image/317x460/9df78eab33525d08d6e5fb8d27136e95/n/e/newgf1-choc2k_1.png,,,
UN47,6009644650545,Pure Protein GF-1 Vanilla 2.28kg,79,http://uk.usn-sport.com/en/pure-protein-gf1,,USN,http://uk.usn-sport.com/media/catalog/product/cache/2/image/317x460/9df78eab33525d08d6e5fb8d27136e95/n/e/newgf1-choc2k_1.png,,,
UN46,6009644650552,Pure Protein GF-1 Straw 2.28kg,79,http://uk.usn-sport.com/en/pure-protein-gf1,,USN,http://uk.usn-sport.com/media/catalog/product/cache/2/image/317x460/9df78eab33525d08d6e5fb8d27136e95/n/e/newgf1-choc2k_1.png,,,
DW003,6009698929550,Ultralean Diet Whey Vanilla 800g,36,http://uk.usn-sport.com/en/diet-whey-ultralean,,USN,http://uk.usn-sport.com/media/catalog/product/cache/2/image/288x460/9df78eab33525d08d6e5fb8d27136e95/u/l/ultralean-diet-whey-_choc-800g__1.png,,,
UN43,6009644650439,Pure Protein GF-1 Straw 1kg,39,http://uk.usn-sport.com/en/pure-protein-gf1,,USN,http://uk.usn-sport.com/media/catalog/product/cache/2/image/317x460/9df78eab33525d08d6e5fb8d27136e95/n/e/newgf1-choc2k_1.png,,,
DW002,6009698929543,Ultralean Diet Whey Strawberry  800g,36,http://uk.usn-sport.com/en/diet-whey-ultralean,,USN,http://uk.usn-sport.com/media/catalog/product/cache/2/image/288x460/9df78eab33525d08d6e5fb8d27136e95/u/l/ultralean-diet-whey-_choc-800g__1.png,,,
UN42,6009644650446,Pure Protein GF-1 Choc 1kg,39,http://uk.usn-sport.com/en/pure-protein-gf1,,USN,http://uk.usn-sport.com/media/catalog/product/cache/2/image/317x460/9df78eab33525d08d6e5fb8d27136e95/n/e/newgf1-choc2k_1.png,,,
UN45,6009644650460,Pure Protein GF-1 Choc 2.28kg,79,http://uk.usn-sport.com/en/pure-protein-gf1,,USN,http://uk.usn-sport.com/media/catalog/product/cache/2/image/317x460/9df78eab33525d08d6e5fb8d27136e95/n/e/newgf1-choc2k_1.png,,,
DW001,6009698929536,Ultralean Diet Whey Chocolate  800g,36,http://uk.usn-sport.com/en/diet-whey-ultralean,,USN,http://uk.usn-sport.com/media/catalog/product/cache/2/image/288x460/9df78eab33525d08d6e5fb8d27136e95/u/l/ultralean-diet-whey-_choc-800g__1.png,,,
UN83,6009702507088,Pure Protein GF-1 Choc / Mint 1kg,39,http://uk.usn-sport.com/en/pure-protein-gf1,,USN,http://uk.usn-sport.com/media/catalog/product/cache/2/image/317x460/9df78eab33525d08d6e5fb8d27136e95/n/e/newgf1-choc2k_1.png,,,
UN88,6009702507064,Pure Protein GF-1 Choc / Mint 2.28kg,79,http://uk.usn-sport.com/en/pure-protein-gf1,,USN,http://uk.usn-sport.com/media/catalog/product/cache/2/image/317x460/9df78eab33525d08d6e5fb8d27136e95/n/e/newgf1-choc2k_1.png,,,
PRO004,6009694865357,Pure Protein Bar 75g Vanilla Ice-Cream (12),35,http://uk.usn-sport.com/en/pure-protein-bar-12-x-75g-box,,USN,http://uk.usn-sport.com/media/catalog/product/cache/2/image/380x276/9df78eab33525d08d6e5fb8d27136e95/p/u/pure_protein_bars_box.png,,,
PRO003,6009694865371,Pure Protein Bar 75g Choc Ice-Cream (12),35,http://uk.usn-sport.com/en/pure-protein-bar-12-x-75g-box,,USN,http://uk.usn-sport.com/media/catalog/product/cache/2/image/380x276/9df78eab33525d08d6e5fb8d27136e95/p/u/pure_protein_bars_box.png,,,
PRO023,6009702500676,Protein Delite Toffee/Almond 50g (18),44,http://uk.usn-sport.com/en/protein-delite-bars,,USN,http://uk.usn-sport.com/media/catalog/product/cache/2/image/317x460/9df78eab33525d08d6e5fb8d27136e95/d/e/delite.png,,,
PRO021,6009701191660,Protein Delight Toffee Almond 96g (12),47,http://uk.usn-sport.com/en/protein-delite-bars,,USN,http://uk.usn-sport.com/media/catalog/product/cache/2/image/317x460/9df78eab33525d08d6e5fb8d27136e95/d/e/delite.png,,,
PRO027,6009702504995,Protein Delite Bar Yogurt Toffee and Almond 50g  (18),44,http://uk.usn-sport.com/en/protein-delite-bars,,USN,http://uk.usn-sport.com/media/catalog/product/cache/2/image/317x460/9df78eab33525d08d6e5fb8d27136e95/d/e/delite.png,,,
PRO022,6009701191684,Protein Delight Cookie / Cream 76g (12),47,http://uk.usn-sport.com/en/protein-delite-bars,,USN,http://uk.usn-sport.com/media/catalog/product/cache/2/image/317x460/9df78eab33525d08d6e5fb8d27136e95/d/e/delite.png,,,
PRO031,6009702506845,Protein seed and nut 65g (12),29,http://uk.usn-sport.com/en/energy-bars,,USN,http://uk.usn-sport.com/media/catalog/product/cache/2/image/317x460/9df78eab33525d08d6e5fb8d27136e95/s/e/seedandnut-proteinbar-65g_1.png,,,
XC9,6009698925163,NEW Xedra Cut Hardcore (120's),39,http://uk.usn-sport.com/en/xedra-cut-hardcore,,USN,http://uk.usn-sport.com/media/catalog/product/cache/2/image/317x460/9df78eab33525d08d6e5fb8d27136e95/x/e/xedrahardcore1.png,,,
UN176,,NEW lean 8 Vanilla Cinnamon 1kg,34,http://uk.usn-sport.com/en/lean-8-protein,,USN,http://uk.usn-sport.com/media/catalog/product/cache/2/image/317x460/9df78eab33525d08d6e5fb8d27136e95/l/e/lean8.png,,,
UN247,6009705663859,NEW Protein Mousse Strawberry & White Chocolate 480g,26,http://uk.usn-sport.com/en/protein-mousse,,USN,http://uk.usn-sport.com/media/catalog/product/cache/2/image/317x460/9df78eab33525d08d6e5fb8d27136e95/u/n/un247-straw-and-white-choc-mousse_1.png,,,
UN249,6009705663897,NEW Protein Mousse Peach Mango 480g,26,http://uk.usn-sport.com/en/protein-mousse,,USN,http://uk.usn-sport.com/media/catalog/product/cache/2/image/317x460/9df78eab33525d08d6e5fb8d27136e95/u/n/un247-straw-and-white-choc-mousse_1.png,,,
UN248,6009705663866,NEW Protein Mousse  Caffe Latte 480g,26,http://uk.usn-sport.com/en/protein-mousse,,USN,http://uk.usn-sport.com/media/catalog/product/cache/2/image/317x460/9df78eab33525d08d6e5fb8d27136e95/u/n/un247-straw-and-white-choc-mousse_1.png,,,
UN170,6009698929260,NEW Premium Casein (908g) Vanilla,49,http://uk.usn-sport.com/en/casein,,USN,http://uk.usn-sport.com/media/catalog/product/cache/2/image/317x460/9df78eab33525d08d6e5fb8d27136e95/c/a/casein_1.png,,,
PRO043,,NEW Muscle Fuel Anabolic Bar Chocolate and Cookie (12's),43,http://uk.usn-sport.com/en/muscle-fuel-anabolic-bars,,USN,http://uk.usn-sport.com/media/catalog/product/cache/2/image/317x460/9df78eab33525d08d6e5fb8d27136e95/m/f/mfabars_2.png,,,
UN171,6009705661992,NEW Premium Casein (908g)  Strawberry,49,http://uk.usn-sport.com/en/casein,,USN,http://uk.usn-sport.com/media/catalog/product/cache/2/image/317x460/9df78eab33525d08d6e5fb8d27136e95/c/a/casein_1.png,,,
PRO042,,NEW Muscle Fuel Anabolic Bar Chcolate Peanut Butter (12's),43,http://uk.usn-sport.com/en/muscle-fuel-anabolic-bars,,USN,http://uk.usn-sport.com/media/catalog/product/cache/2/image/317x460/9df78eab33525d08d6e5fb8d27136e95/m/f/mfabars_2.png,,,
UN172,6009705660452,NEW Lean 8 Chocolate Peanut 2kg,62,http://uk.usn-sport.com/en/lean-8-protein,,USN,http://uk.usn-sport.com/media/catalog/product/cache/2/image/317x460/9df78eab33525d08d6e5fb8d27136e95/l/e/lean8.png,,,
UN177,,NEW Lean 8 Strawberry 1kg,34,http://uk.usn-sport.com/en/lean-8-protein,,USN,http://uk.usn-sport.com/media/catalog/product/cache/2/image/317x460/9df78eab33525d08d6e5fb8d27136e95/l/e/lean8.png,,,
UN175,,NEW Lean 8 Chocolate Peanut 1kg,34,http://uk.usn-sport.com/en/lean-8-protein,,USN,http://uk.usn-sport.com/media/catalog/product/cache/2/image/317x460/9df78eab33525d08d6e5fb8d27136e95/l/e/lean8.png,,,
UN174,6009705660438,NEW Lean 8  Vanilla Cinnamon Bun 2kg,62,http://uk.usn-sport.com/en/lean-8-protein,,USN,http://uk.usn-sport.com/media/catalog/product/cache/2/image/317x460/9df78eab33525d08d6e5fb8d27136e95/l/e/lean8.png,,,
UN173,6009705660445,NEW Lean 8  Strawberry 2kg,62,http://uk.usn-sport.com/en/lean-8-protein,,USN,http://uk.usn-sport.com/media/catalog/product/cache/2/image/317x460/9df78eab33525d08d6e5fb8d27136e95/l/e/lean8.png,,,
UN156,,NEW B4 Bomb Pineapple punch (300g),37,http://uk.usn-sport.com/en/b4-bomb,,USN,http://uk.usn-sport.com/media/catalog/product/cache/2/image/317x460/9df78eab33525d08d6e5fb8d27136e95/b/o/bomb.png,,,
UN155,,NEW B4 Bomb Lime and Lemonade (300g),37,http://uk.usn-sport.com/en/b4-bomb,,USN,http://uk.usn-sport.com/media/catalog/product/cache/2/image/317x460/9df78eab33525d08d6e5fb8d27136e95/b/o/bomb.png,,,
CLC001,6009705666362,NEW Collagen + CLA,24,http://uk.usn-sport.com/en/collagen-cla,,USN,http://uk.usn-sport.com/media/catalog/product/cache/2/image/317x460/9df78eab33525d08d6e5fb8d27136e95/c/o/collagencla.png,,,
UN69,6009644655748,NEW FORMULA Omega 3 160's,30,http://uk.usn-sport.com/en/efa-triple-omega,,USN,http://uk.usn-sport.com/media/catalog/product/cache/2/image/317x460/9df78eab33525d08d6e5fb8d27136e95/o/m/omega3.png,,,
UN38,6009644650514,Muscle Fuel Mass Van 11lbs (5kg),104,http://uk.usn-sport.com/en/muscle-fuel-mass,,USN,http://uk.usn-sport.com/media/catalog/product/cache/2/image/317x460/9df78eab33525d08d6e5fb8d27136e95/m/a/mass.png,,,
PRO041,6009702508733,Muscle Fuel STS Bar Caramel Shortbread 60g (12),33,http://uk.usn-sport.com/en/muscle-fuel-sts-12-x-60g,,USN,http://uk.usn-sport.com/media/catalog/product/cache/2/image/380x248/9df78eab33525d08d6e5fb8d27136e95/m/u/muscle-fuel-sts-shipper-12-x-60g.png,,,
UN37,6009644650507,Muscle Fuel Mass Straw 11lbs (5kg),104,http://uk.usn-sport.com/en/muscle-fuel-mass,,USN,http://uk.usn-sport.com/media/catalog/product/cache/2/image/317x460/9df78eab33525d08d6e5fb8d27136e95/m/a/mass.png,,,
UN36,6009644650491,Muscle Fuel Mass Choc 11lbs (5kg),104,http://uk.usn-sport.com/en/muscle-fuel-mass,,USN,http://uk.usn-sport.com/media/catalog/product/cache/2/image/317x460/9df78eab33525d08d6e5fb8d27136e95/m/a/mass.png,,,
MF3,6009644657476,Muscle Fuel STS Van 11lbs (5kg),104,http://uk.usn-sport.com/en/muscle-fuel-sts,,USN,http://uk.usn-sport.com/media/catalog/product/cache/2/image/317x460/9df78eab33525d08d6e5fb8d27136e95/s/t/sts.png,,,
MF1,6009644657452,Muscle Fuel STS Choc 11lbs (5kg),104,http://uk.usn-sport.com/en/muscle-fuel-sts,,USN,http://uk.usn-sport.com/media/catalog/product/cache/2/image/317x460/9df78eab33525d08d6e5fb8d27136e95/s/t/sts.png,,,
MF2,6009644657469,Muscle Fuel STS Straw 11lbs (5kg),104,http://uk.usn-sport.com/en/muscle-fuel-sts,,USN,http://uk.usn-sport.com/media/catalog/product/cache/2/image/317x460/9df78eab33525d08d6e5fb8d27136e95/s/t/sts.png,,,
MUS010,6009694862356,Muscle Fuel Anabolic 4kg Vanilla,103,http://uk.usn-sport.com/en/muscle-fuel-anabolic,,USN,http://uk.usn-sport.com/media/catalog/product/cache/2/image/317x460/9df78eab33525d08d6e5fb8d27136e95/m/f/mfa.png,,,
MUS012,6009694862370,Muscle Fuel Anabolic 4kg Straw,103,http://uk.usn-sport.com/en/muscle-fuel-anabolic,,USN,http://uk.usn-sport.com/media/catalog/product/cache/2/image/317x460/9df78eab33525d08d6e5fb8d27136e95/m/f/mfa.png,,,
MUS024,6009702509860,Muscle Fuel Anabolic 4kg Banana,103,http://uk.usn-sport.com/en/muscle-fuel-anabolic,,USN,http://uk.usn-sport.com/media/catalog/product/cache/2/image/317x460/9df78eab33525d08d6e5fb8d27136e95/m/f/mfa.png,,,
MUS025,6009702509884,Muscle Fuel Anabolic 4kg Raspberry Smoothie,103,http://uk.usn-sport.com/en/muscle-fuel-anabolic,,USN,http://uk.usn-sport.com/media/catalog/product/cache/2/image/317x460/9df78eab33525d08d6e5fb8d27136e95/m/f/mfa.png,,,
MUS007,6009694862325,Muscle Fuel Anabolic 2kg Vanilla,53,http://uk.usn-sport.com/en/muscle-fuel-anabolic,,USN,http://uk.usn-sport.com/media/catalog/product/cache/2/image/317x460/9df78eab33525d08d6e5fb8d27136e95/m/f/mfa.png,,,
MUS011,6009694862363,Muscle Fuel Anabolic 4kg Choc,103,http://uk.usn-sport.com/en/muscle-fuel-anabolic,,USN,http://uk.usn-sport.com/media/catalog/product/cache/2/image/317x460/9df78eab33525d08d6e5fb8d27136e95/m/f/mfa.png,,,
MUS009,6009694862349,Muscle Fuel Anabolic 2kg Straw,53,http://uk.usn-sport.com/en/muscle-fuel-anabolic,,USN,http://uk.usn-sport.com/media/catalog/product/cache/2/image/317x460/9df78eab33525d08d6e5fb8d27136e95/m/f/mfa.png,,,
MUS023,6009702509877,Muscle Fuel Anabolic 2kg Raspberry Smoothie,53,http://uk.usn-sport.com/en/muscle-fuel-anabolic,,USN,http://uk.usn-sport.com/media/catalog/product/cache/2/image/317x460/9df78eab33525d08d6e5fb8d27136e95/m/f/mfa.png,,,
MUS008,6009694862332,Muscle Fuel Anabolic 2kg Choc,53,http://uk.usn-sport.com/en/muscle-fuel-anabolic,,USN,http://uk.usn-sport.com/media/catalog/product/cache/2/image/317x460/9df78eab33525d08d6e5fb8d27136e95/m/f/mfa.png,,,
MUS022,6009702509853,Muscle Fuel Anabolic 2kg Banana,53,http://uk.usn-sport.com/en/muscle-fuel-anabolic,,USN,http://uk.usn-sport.com/media/catalog/product/cache/2/image/317x460/9df78eab33525d08d6e5fb8d27136e95/m/f/mfa.png,,,
UN58,6009644650422,L-Glutamine 500g,49,http://uk.usn-sport.com/en/pure-glutamine-powder,,USN,http://uk.usn-sport.com/media/catalog/product/cache/2/image/317x460/9df78eab33525d08d6e5fb8d27136e95/g/l/glutamine.png,,,
MUS015,6009698925682,Hyperbolic Mass Vanilla 2kg,45,http://uk.usn-sport.com/en/hyperbolic-mass,,USN,http://uk.usn-sport.com/media/catalog/product/cache/2/image/317x460/9df78eab33525d08d6e5fb8d27136e95/m/a/mass_1.png,,,
MUS018,6009698926863,Hyperbolic Mass Vanilla 6kg,111,http://uk.usn-sport.com/en/hyperbolic-mass,,USN,http://uk.usn-sport.com/media/catalog/product/cache/2/image/317x460/9df78eab33525d08d6e5fb8d27136e95/m/a/mass_1.png,,,
HMB001,6009694869836,HMB1000 120's,29,http://uk.usn-sport.com/en/hmb-1000-120-caps,,USN,http://uk.usn-sport.com/media/catalog/product/cache/2/image/329x460/9df78eab33525d08d6e5fb8d27136e95/h/m/hmb-120s-_v3_.png,,,
MUS017,6009698926870,Hyperbolic Mass Straw 6kg,111,http://uk.usn-sport.com/en/hyperbolic-mass,,USN,http://uk.usn-sport.com/media/catalog/product/cache/2/image/317x460/9df78eab33525d08d6e5fb8d27136e95/m/a/mass_1.png,,,
MUS014,6009698925705,Hyperbolic Mass Straw 2kg,45,http://uk.usn-sport.com/en/hyperbolic-mass,,USN,http://uk.usn-sport.com/media/catalog/product/cache/2/image/317x460/9df78eab33525d08d6e5fb8d27136e95/m/a/mass_1.png,,,
MUS013,6009698925699,Hyperbolic Mass Choc 2kg,45,http://uk.usn-sport.com/en/hyperbolic-mass,,USN,http://uk.usn-sport.com/media/catalog/product/cache/2/image/317x460/9df78eab33525d08d6e5fb8d27136e95/m/a/mass_1.png,,,
MUS016,6009698926856,Hyperbolic Mass Choc 6kg,111,http://uk.usn-sport.com/en/hyperbolic-mass,,USN,http://uk.usn-sport.com/media/catalog/product/cache/2/image/317x460/9df78eab33525d08d6e5fb8d27136e95/m/a/mass_1.png,,,
PRO024,6009702503189,Diet Whey Bar Peanut Butter 40g (18),35,http://uk.usn-sport.com/en/diet-whey-bars-18-x-38g,,USN,http://uk.usn-sport.com/media/catalog/product/cache/2/image/354x460/9df78eab33525d08d6e5fb8d27136e95/d/i/diet-whey-group_1.png,,,
UN110,6009702503813,Diet Fuel Van 2kg,51,http://uk.usn-sport.com/en/diet-fuel,,USN,http://uk.usn-sport.com/media/catalog/product/cache/2/image/317x460/9df78eab33525d08d6e5fb8d27136e95/d/f/df.png,,,
UN107,6009644650323,Diet Fuel Van 2.2lbs (1kg),28,http://uk.usn-sport.com/en/diet-fuel,,USN,http://uk.usn-sport.com/media/catalog/product/cache/2/image/317x460/9df78eab33525d08d6e5fb8d27136e95/d/f/df.png,,,
UN109,6009702503806,Diet Fuel Straw 2kg,51,http://uk.usn-sport.com/en/diet-fuel,,USN,http://uk.usn-sport.com/media/catalog/product/cache/2/image/317x460/9df78eab33525d08d6e5fb8d27136e95/d/f/df.png,,,
HCW003,6009701197839,Hardcore Whey Vanilla 2kg,74,http://uk.usn-sport.com/en/hardcorewheygh,,USN,http://uk.usn-sport.com/media/catalog/product/cache/2/image/317x460/9df78eab33525d08d6e5fb8d27136e95/h/a/hardcorewheygh-chocolate.png,,,
UN106,6009644650347,Diet Fuel Straw 2.2lbs (1kg),28,http://uk.usn-sport.com/en/diet-fuel,,USN,http://uk.usn-sport.com/media/catalog/product/cache/2/image/317x460/9df78eab33525d08d6e5fb8d27136e95/d/f/df.png,,,
HCW002,6009701197822,Hardcore Whey Strawberry 2kg,74,http://uk.usn-sport.com/en/hardcorewheygh,,USN,http://uk.usn-sport.com/media/catalog/product/cache/2/image/317x460/9df78eab33525d08d6e5fb8d27136e95/h/a/hardcorewheygh-chocolate.png,,,
HCW001,6009701197815,Hardcore Whey Chocolate 2kg,74,http://uk.usn-sport.com/en/hardcorewheygh,,USN,http://uk.usn-sport.com/media/catalog/product/cache/2/image/317x460/9df78eab33525d08d6e5fb8d27136e95/h/a/hardcorewheygh-chocolate.png,,,
UN108,6009702503790,Diet Fuel Choc 2kg,51,http://uk.usn-sport.com/en/diet-fuel,,USN,http://uk.usn-sport.com/media/catalog/product/cache/2/image/317x460/9df78eab33525d08d6e5fb8d27136e95/d/f/df.png,,,
UN105,6009644650330,Diet Fuel Choc 2.2lbs (1kg),28,http://uk.usn-sport.com/en/diet-fuel,,USN,http://uk.usn-sport.com/media/catalog/product/cache/2/image/317x460/9df78eab33525d08d6e5fb8d27136e95/d/f/df.png,,,
UN209,6009702509365,Diet Fuel Caf Latte 2kg,51,http://uk.usn-sport.com/en/diet-fuel,,USN,http://uk.usn-sport.com/media/catalog/product/cache/2/image/317x460/9df78eab33525d08d6e5fb8d27136e95/d/f/df.png,,,
UN206,6009702509358,Diet Fuel Caf Latte 2.2lbs (1kg),28,http://uk.usn-sport.com/en/diet-fuel,,USN,http://uk.usn-sport.com/media/catalog/product/cache/2/image/317x460/9df78eab33525d08d6e5fb8d27136e95/d/f/df.png,,,
UN208,6009702509341,Diet Fuel Banana Caramel 2kg,51,http://uk.usn-sport.com/en/diet-fuel,,USN,http://uk.usn-sport.com/media/catalog/product/cache/2/image/317x460/9df78eab33525d08d6e5fb8d27136e95/d/f/df.png,,,
UN66,6009644655946,Creatine X4 120's,35,http://uk.usn-sport.com/en/crea-x4,,USN,http://uk.usn-sport.com/media/catalog/product/cache/2/image/317x460/9df78eab33525d08d6e5fb8d27136e95/c/r/creatinex4-120capsules_1_1.png,,,
UN08,6009644650033,Creatine Monohydrate 500g - 50% Extra fill,24,http://uk.usn-sport.com/en/hfl-creatine-monohydrate,,USN,http://uk.usn-sport.com/media/catalog/product/cache/2/image/380x456/9df78eab33525d08d6e5fb8d27136e95/c/r/creamono_1.png,,,
UN205,6009702509334,Diet Fuel Banana Caramel 2.2lbs (1kg),28,http://uk.usn-sport.com/en/diet-fuel,,USN,http://uk.usn-sport.com/media/catalog/product/cache/2/image/317x460/9df78eab33525d08d6e5fb8d27136e95/d/f/df.png,,,
UN09,6009644650033,Creatine Monohydrate 500g,24,http://uk.usn-sport.com/en/hfl-creatine-monohydrate,,USN,http://uk.usn-sport.com/media/catalog/product/cache/2/image/380x456/9df78eab33525d08d6e5fb8d27136e95/c/r/creamono_1.png,,,
UN142,6009694865838,Creatine Anabolic Tropical 1.8kg,53,http://uk.usn-sport.com/en/creatine-anabolic-1-8kg,,USN,http://uk.usn-sport.com/media/catalog/product/cache/2/image/317x460/9df78eab33525d08d6e5fb8d27136e95/c/r/creatineanabolic.png,,,
UN133,6009644653935,BCAA 120's,19,http://uk.usn-sport.com/en/bcaa-syntho-stack,,USN,http://uk.usn-sport.com/media/catalog/product/cache/2/image/317x460/9df78eab33525d08d6e5fb8d27136e95/s/y/synthonew.png,,,
TES002,6009694862301,19-Anabol Testo 90s,34,http://uk.usn-sport.com/en/19-anabol-testo,,USN,http://uk.usn-sport.com/media/catalog/product/cache/2/image/317x460/9df78eab33525d08d6e5fb8d27136e95/a/n/anaboltesto_2.png,,,
UN67,,CREA-X4,29,http://uk.usn-sport.com/en/crea-x4-360g-orange,,USN,http://uk.usn-sport.com/media/catalog/product/cache/2/image/317x460/9df78eab33525d08d6e5fb8d27136e95/c/r/crea-x4-aminopowder_1.png,,,
UN245,6009702509570,Anabolic Amino Gro Orange 300g,35,http://uk.usn-sport.com/en/bcaa-amino-gro,,USN,http://uk.usn-sport.com/media/catalog/product/cache/2/image/239x460/9df78eab33525d08d6e5fb8d27136e95/b/c/bcaaaminogro.png,,,
UN246,6009702509587,Anabolic Amino Gro Fruit Fusion 300g,35,http://uk.usn-sport.com/en/bcaa-amino-gro,,USN,http://uk.usn-sport.com/media/catalog/product/cache/2/image/239x460/9df78eab33525d08d6e5fb8d27136e95/b/c/bcaaaminogro.png,,,
